YEAR,SEX,FIRST NAME,COUNT
1920,F,MARY,639
1920,F,MARGARET,238
1920,F,MARIE,171
1920,F,DOROTHY,163
1920,F,ANNIE,158
1920,F,HELEN,152
1920,F,JEAN,106
1920,F,ELIZABETH,105
1920,F,FLORENCE,94
1920,F,RUTH,87
1920,F,CATHERINE,84
1920,F,DORIS,81
1920,F,ALICE,78
1920,F,EDITH,78
1920,F,MURIEL,67
1920,F,HAZEL,66
1920,F,MARJORIE,65
1920,F,KATHLEEN,63
1920,F,EVELYN,62
1920,F,LILLIAN,61
1920,M,JOHN,451
1920,M,JOSEPH,303
1920,M,JAMES,269
1920,M,WILLIAM,269
1920,M,GEORGE,247
1920,M,CHARLES,150
1920,M,ROBERT,142
1920,M,DONALD,138
1920,M,HAROLD,121
1920,M,ARTHUR,111
1920,M,THOMAS,102
1920,M,EDWARD,80
1920,M,GERALD,77
1920,M,WALTER,77
1920,M,GORDON,71
1920,M,RALPH,69
1920,M,ALBERT,62
1920,M,KENNETH,62
1920,M,DOUGLAS,61
1920,M,RONALD,57
1921,F,MARY,626
1921,F,MARGARET,202
1921,F,DOROTHY,185
1921,F,MARIE,167
1921,F,HELEN,146
1921,F,ANNIE,126
1921,F,JEAN,107
1921,F,FLORENCE,106
1921,F,ELIZABETH,100
1921,F,MARION,89
1921,F,CATHERINE,82
1921,F,DORIS,81
1921,F,ALICE,80
1921,F,MILDRED,79
1921,F,MARJORIE,75
1921,F,MURIEL,71
1921,F,LILLIAN,70
1921,F,RUTH,70
1921,F,EDITH,68
1921,F,EVELYN,66
1921,M,JOHN,490
1921,M,JOSEPH,355
1921,M,WILLIAM,279
1921,M,JAMES,244
1921,M,GEORGE,209
1921,M,CHARLES,173
1921,M,DONALD,165
1921,M,ROBERT,156
1921,M,ARTHUR,112
1921,M,HAROLD,109
1921,M,GERALD,90
1921,M,EDWARD,87
1921,M,THOMAS,87
1921,M,RONALD,69
1921,M,GORDON,68
1921,M,WALTER,67
1921,M,DOUGLAS,66
1921,M,KENNETH,66
1921,M,RALPH,66
1921,M,ALBERT,65
1922,F,MARY,594
1922,F,MARGARET,225
1922,F,MARIE,156
1922,F,DOROTHY,152
1922,F,HELEN,138
1922,F,ANNIE,122
1922,F,CATHERINE,100
1922,F,ELIZABETH,97
1922,F,DORIS,96
1922,F,RUTH,95
1922,F,FLORENCE,90
1922,F,JEAN,81
1922,F,MARION,76
1922,F,KATHLEEN,69
1922,F,MURIEL,69
1922,F,EDITH,68
1922,F,LILLIAN,67
1922,F,MILDRED,63
1922,F,MARJORIE,60
1922,F,EVELYN,58
1922,M,JOHN,456
1922,M,JOSEPH,320
1922,M,JAMES,279
1922,M,WILLIAM,259
1922,M,DONALD,191
1922,M,GEORGE,187
1922,M,CHARLES,169
1922,M,ROBERT,152
1922,M,ARTHUR,113
1922,M,HAROLD,107
1922,M,THOMAS,94
1922,M,WALTER,82
1922,M,GERALD,81
1922,M,EDWARD,77
1922,M,RALPH,77
1922,M,KENNETH,72
1922,M,GORDON,71
1922,M,DOUGLAS,70
1922,M,ALEXANDER,63
1922,M,HENRY,63
1923,F,MARY,556
1923,F,MARGARET,196
1923,F,MARIE,164
1923,F,DOROTHY,148
1923,F,HELEN,126
1923,F,JEAN,121
1923,F,ANNIE,108
1923,F,ELIZABETH,86
1923,F,FLORENCE,86
1923,F,RUTH,83
1923,F,CATHERINE,74
1923,F,MARJORIE,72
1923,F,DORIS,70
1923,F,EVELYN,69
1923,F,LILLIAN,67
1923,F,MARION,66
1923,F,EDITH,57
1923,F,FRANCES,54
1923,F,ALICE,53
1923,F,JESSIE,53
1923,M,JOHN,375
1923,M,JOSEPH,303
1923,M,JAMES,232
1923,M,WILLIAM,214
1923,M,GEORGE,211
1923,M,DONALD,185
1923,M,CHARLES,154
1923,M,ROBERT,132
1923,M,HAROLD,115
1923,M,GERALD,90
1923,M,ARTHUR,75
1923,M,DOUGLAS,71
1923,M,EDWARD,70
1923,M,WALTER,70
1923,M,THOMAS,69
1923,M,KENNETH,67
1923,M,RONALD,67
1923,M,HARRY,62
1923,M,FRANCIS,59
1923,M,GORDON,57
1924,F,MARY,563
1924,F,MARGARET,203
1924,F,MARIE,154
1924,F,DOROTHY,136
1924,F,ANNIE,128
1924,F,HELEN,124
1924,F,JEAN,124
1924,F,MARION,82
1924,F,CATHERINE,78
1924,F,DORIS,76
1924,F,FLORENCE,76
1924,F,ELIZABETH,71
1924,F,MARJORIE,69
1924,F,RUTH,66
1924,F,EVELYN,60
1924,F,ALICE,58
1924,F,KATHLEEN,57
1924,F,FRANCES,56
1924,F,SHIRLEY,53
1924,F,LILLIAN,50
1924,M,JOHN,435
1924,M,JOSEPH,306
1924,M,JAMES,247
1924,M,WILLIAM,246
1924,M,GEORGE,196
1924,M,DONALD,195
1924,M,CHARLES,160
1924,M,ROBERT,141
1924,M,HAROLD,107
1924,M,GERALD,105
1924,M,ARTHUR,84
1924,M,THOMAS,81
1924,M,GORDON,79
1924,M,DOUGLAS,65
1924,M,FREDERICK,61
1924,M,RONALD,58
1924,M,FRANK,57
1924,M,KENNETH,57
1924,M,ALBERT,56
1924,M,EDWARD,56
1925,F,MARY,628
1925,F,MARGARET,231
1925,F,HELEN,152
1925,F,DOROTHY,139
1925,F,MARIE,135
1925,F,JEAN,113
1925,F,ANNIE,110
1925,F,FLORENCE,89
1925,F,MARJORIE,85
1925,F,CATHERINE,84
1925,F,MARION,79
1925,F,ELIZABETH,77
1925,F,DORIS,75
1925,F,SHIRLEY,75
1925,F,ALICE,71
1925,F,RUTH,70
1925,F,LILLIAN,66
1925,F,MURIEL,63
1925,F,MILDRED,59
1925,F,EVELYN,57
1925,M,JOHN,501
1925,M,WILLIAM,276
1925,M,JOSEPH,266
1925,M,JAMES,223
1925,M,GEORGE,209
1925,M,DONALD,203
1925,M,ROBERT,161
1925,M,CHARLES,138
1925,M,ARTHUR,102
1925,M,HAROLD,94
1925,M,GERALD,89
1925,M,THOMAS,87
1925,M,EDWARD,79
1925,M,GORDON,71
1925,M,KENNETH,71
1925,M,WALTER,64
1925,M,FRANCIS,62
1925,M,ALEXANDER,61
1925,M,RONALD,60
1925,M,DOUGLAS,55
1926,F,MARY,501
1926,F,MARGARET,231
1926,F,MARIE,148
1926,F,HELEN,135
1926,F,DOROTHY,122
1926,F,ELIZABETH,108
1926,F,ANNIE,103
1926,F,JEAN,95
1926,F,CATHERINE,91
1926,F,MARION,88
1926,F,ALICE,77
1926,F,DORIS,75
1926,F,FLORENCE,75
1926,F,MARJORIE,74
1926,F,EVELYN,72
1926,F,FRANCES,67
1926,F,SHIRLEY,67
1926,F,RUTH,64
1926,F,KATHLEEN,62
1926,F,ANNA,54
1926,M,JOHN,402
1926,M,JOSEPH,301
1926,M,JAMES,245
1926,M,WILLIAM,237
1926,M,DONALD,202
1926,M,GEORGE,191
1926,M,ROBERT,158
1926,M,CHARLES,138
1926,M,HAROLD,123
1926,M,ARTHUR,97
1926,M,GERALD,96
1926,M,EDWARD,73
1926,M,THOMAS,72
1926,M,GORDON,69
1926,M,FRANCIS,66
1926,M,DOUGLAS,61
1926,M,RONALD,59
1926,M,WALTER,59
1926,M,KENNETH,57
1926,M,ALEXANDER,53
1926,M,RALPH,53
1927,F,MARY,522
1927,F,MARGARET,193
1927,F,MARIE,164
1927,F,DOROTHY,129
1927,F,HELEN,129
1927,F,ANNIE,107
1927,F,CATHERINE,102
1927,F,ELIZABETH,100
1927,F,JEAN,100
1927,F,SHIRLEY,99
1927,F,MARION,85
1927,F,FLORENCE,84
1927,F,DORIS,76
1927,F,THERESA,69
1927,F,MARJORIE,68
1927,F,MILDRED,63
1927,F,FRANCES,56
1927,F,RUTH,55
1927,F,ALICE,54
1927,F,BARBARA,53
1927,M,JOHN,412
1927,M,JOSEPH,270
1927,M,JAMES,234
1927,M,WILLIAM,233
1927,M,GEORGE,189
1927,M,DONALD,171
1927,M,CHARLES,159
1927,M,ROBERT,147
1927,M,GERALD,108
1927,M,ARTHUR,104
1927,M,HAROLD,102
1927,M,THOMAS,74
1927,M,DOUGLAS,73
1927,M,RONALD,73
1927,M,EDWARD,72
1927,M,GORDON,71
1927,M,KENNETH,62
1927,M,FRANCIS,61
1927,M,DANIEL,52
1927,M,RALPH,52
1928,F,MARY,511
1928,F,MARGARET,196
1928,F,MARIE,155
1928,F,HELEN,140
1928,F,JEAN,121
1928,F,SHIRLEY,118
1928,F,ANNIE,116
1928,F,DOROTHY,104
1928,F,MARION,101
1928,F,FLORENCE,98
1928,F,CATHERINE,97
1928,F,DORIS,80
1928,F,RUTH,79
1928,F,ELIZABETH,66
1928,F,LILLIAN,61
1928,F,AUDREY,60
1928,F,MURIEL,60
1928,F,MARJORIE,59
1928,F,ALICE,56
1928,F,MILDRED,52
1928,M,JOHN,392
1928,M,JOSEPH,273
1928,M,JAMES,239
1928,M,WILLIAM,237
1928,M,DONALD,204
1928,M,ROBERT,198
1928,M,GEORGE,196
1928,M,CHARLES,138
1928,M,GERALD,98
1928,M,HAROLD,98
1928,M,GORDON,78
1928,M,RONALD,75
1928,M,KENNETH,74
1928,M,ARTHUR,73
1928,M,THOMAS,73
1928,M,EDWARD,66
1928,M,FRANCIS,63
1928,M,ALEXANDER,61
1928,M,DOUGLAS,58
1928,M,WALTER,48
1929,F,MARY,474
1929,F,MARGARET,174
1929,F,MARIE,151
1929,F,HELEN,122
1929,F,SHIRLEY,120
1929,F,JEAN,114
1929,F,DOROTHY,111
1929,F,ANNIE,106
1929,F,ELIZABETH,101
1929,F,DORIS,76
1929,F,MARION,76
1929,F,RUTH,74
1929,F,CATHERINE,73
1929,F,FRANCES,66
1929,F,JOAN,66
1929,F,LILLIAN,63
1929,F,FLORENCE,61
1929,F,AUDREY,55
1929,F,MARJORIE,53
1929,F,ALICE,51
1929,F,JOYCE,51
1929,M,JOHN,414
1929,M,JOSEPH,284
1929,M,WILLIAM,254
1929,M,JAMES,240
1929,M,GEORGE,187
1929,M,DONALD,178
1929,M,ROBERT,153
1929,M,CHARLES,150
1929,M,GERALD,106
1929,M,THOMAS,86
1929,M,HAROLD,83
1929,M,KENNETH,82
1929,M,ARTHUR,77
1929,M,WALTER,73
1929,M,DOUGLAS,70
1929,M,RONALD,60
1929,M,GORDON,58
1929,M,EDWARD,57
1929,M,DAVID,56
1929,M,RAYMOND,56
1930,F,MARY,517
1930,F,MARGARET,184
1930,F,MARIE,142
1930,F,SHIRLEY,137
1930,F,DOROTHY,131
1930,F,HELEN,129
1930,F,JEAN,105
1930,F,ELIZABETH,102
1930,F,ANNIE,88
1930,F,CATHERINE,87
1930,F,MARION,85
1930,F,FLORENCE,82
1930,F,JOAN,78
1930,F,DORIS,69
1930,F,BARBARA,67
1930,F,JOYCE,67
1930,F,RUTH,67
1930,F,ANNA,65
1930,F,MARJORIE,65
1930,F,LILLIAN,62
1930,M,JOHN,493
1930,M,JAMES,253
1930,M,WILLIAM,245
1930,M,JOSEPH,243
1930,M,DONALD,208
1930,M,GEORGE,175
1930,M,ROBERT,161
1930,M,CHARLES,125
1930,M,GERALD,119
1930,M,RONALD,110
1930,M,KENNETH,89
1930,M,THOMAS,84
1930,M,DOUGLAS,82
1930,M,ARTHUR,78
1930,M,HAROLD,74
1930,M,RAYMOND,71
1930,M,EDWARD,70
1930,M,GORDON,69
1930,M,FRANCIS,61
1930,M,ROY,54
1930,M,WALTER,54
1931,F,MARY,525
1931,F,MARGARET,180
1931,F,MARIE,165
1931,F,DOROTHY,143
1931,F,SHIRLEY,139
1931,F,HELEN,128
1931,F,JOAN,123
1931,F,JEAN,102
1931,F,ELIZABETH,100
1931,F,ANNIE,97
1931,F,MARION,96
1931,F,CATHERINE,89
1931,F,FLORENCE,75
1931,F,DORIS,74
1931,F,BARBARA,71
1931,F,ALICE,69
1931,F,RUTH,69
1931,F,AUDREY,66
1931,F,JOYCE,63
1931,F,LILLIAN,60
1931,M,JOHN,438
1931,M,JOSEPH,305
1931,M,WILLIAM,277
1931,M,JAMES,234
1931,M,DONALD,228
1931,M,ROBERT,192
1931,M,GEORGE,191
1931,M,CHARLES,160
1931,M,GERALD,123
1931,M,KENNETH,91
1931,M,EDWARD,90
1931,M,RONALD,86
1931,M,DOUGLAS,85
1931,M,GORDON,82
1931,M,HAROLD,76
1931,M,ARTHUR,72
1931,M,RAYMOND,65
1931,M,THOMAS,63
1931,M,FREDERICK,58
1931,M,DANIEL,57
1932,F,MARY,562
1932,F,MARGARET,184
1932,F,JOAN,165
1932,F,MARIE,165
1932,F,SHIRLEY,141
1932,F,ELIZABETH,140
1932,F,BARBARA,105
1932,F,DOROTHY,105
1932,F,HELEN,93
1932,F,CATHERINE,86
1932,F,JEAN,85
1932,F,DORIS,78
1932,F,JOYCE,74
1932,F,FLORENCE,72
1932,F,ANNIE,66
1932,F,RUTH,65
1932,F,MARION,62
1932,F,ALICE,58
1932,F,BETTY,56
1932,F,MARJORIE,56
1932,M,JOHN,412
1932,M,JOSEPH,305
1932,M,WILLIAM,281
1932,M,JAMES,268
1932,M,DONALD,233
1932,M,ROBERT,182
1932,M,GEORGE,181
1932,M,CHARLES,151
1932,M,GERALD,136
1932,M,RONALD,113
1932,M,HAROLD,91
1932,M,DOUGLAS,85
1932,M,ARTHUR,76
1932,M,KENNETH,72
1932,M,RAYMOND,71
1932,M,GORDON,65
1932,M,BERNARD,64
1932,M,THOMAS,64
1932,M,RALPH,58
1932,M,ALEXANDER,57
1933,F,MARY,510
1933,F,MARGARET,192
1933,F,MARIE,163
1933,F,JOAN,161
1933,F,SHIRLEY,159
1933,F,ELIZABETH,113
1933,F,HELEN,111
1933,F,BARBARA,108
1933,F,DOROTHY,100
1933,F,CATHERINE,91
1933,F,JEAN,91
1933,F,JOYCE,81
1933,F,MARION,75
1933,F,FLORENCE,73
1933,F,ANNA,68
1933,F,ANNIE,66
1933,F,DORIS,65
1933,F,RUTH,55
1933,F,EVELYN,52
1933,F,BETTY,51
1933,M,JOHN,406
1933,M,JOSEPH,295
1933,M,WILLIAM,248
1933,M,JAMES,233
1933,M,DONALD,208
1933,M,ROBERT,195
1933,M,GEORGE,171
1933,M,CHARLES,148
1933,M,RONALD,127
1933,M,GERALD,96
1933,M,KENNETH,93
1933,M,ARTHUR,81
1933,M,HAROLD,78
1933,M,THOMAS,72
1933,M,DOUGLAS,71
1933,M,GORDON,68
1933,M,EDWARD,64
1933,M,WALTER,57
1933,M,DAVID,53
1933,M,RICHARD,53
1934,F,MARY,496
1934,F,MARGARET,200
1934,F,SHIRLEY,200
1934,F,MARIE,159
1934,F,JOAN,149
1934,F,BARBARA,130
1934,F,HELEN,113
1934,F,JEAN,101
1934,F,DOROTHY,88
1934,F,CATHERINE,87
1934,F,ELIZABETH,87
1934,F,MARION,85
1934,F,FLORENCE,74
1934,F,ANNIE,73
1934,F,JOYCE,72
1934,F,FRANCES,58
1934,F,RUTH,56
1934,F,ALICE,52
1934,F,BETTY,51
1934,F,EVELYN,50
1934,F,JUNE,50
1934,F,MARJORIE,50
1934,M,JOHN,428
1934,M,JAMES,291
1934,M,JOSEPH,287
1934,M,WILLIAM,260
1934,M,ROBERT,212
1934,M,DONALD,204
1934,M,RONALD,162
1934,M,GEORGE,156
1934,M,CHARLES,147
1934,M,DOUGLAS,100
1934,M,GERALD,100
1934,M,EDWARD,86
1934,M,HAROLD,85
1934,M,THOMAS,83
1934,M,KENNETH,78
1934,M,DAVID,75
1934,M,GORDON,72
1934,M,ARTHUR,58
1934,M,RAYMOND,58
1934,M,ROY,55
1935,F,MARY,485
1935,F,SHIRLEY,289
1935,F,MARGARET,181
1935,F,JOAN,165
1935,F,MARIE,142
1935,F,BARBARA,122
1935,F,ELIZABETH,116
1935,F,HELEN,115
1935,F,DOROTHY,106
1935,F,JEAN,88
1935,F,CATHERINE,73
1935,F,JOYCE,66
1935,F,MARION,64
1935,F,ANNIE,58
1935,F,THERESA,58
1935,F,FLORENCE,57
1935,F,ALICE,56
1935,F,BETTY,56
1935,F,EVELYN,56
1935,F,ANNA,54
1935,F,PATRICIA,54
1935,F,RUTH,54
1935,M,JOHN,443
1935,M,JAMES,293
1935,M,JOSEPH,278
1935,M,WILLIAM,241
1935,M,DONALD,229
1935,M,ROBERT,210
1935,M,GEORGE,193
1935,M,CHARLES,149
1935,M,RONALD,141
1935,M,GERALD,101
1935,M,THOMAS,88
1935,M,DAVID,84
1935,M,HAROLD,82
1935,M,KENNETH,81
1935,M,DOUGLAS,76
1935,M,GORDON,67
1935,M,EDWARD,65
1935,M,ARTHUR,61
1935,M,RICHARD,61
1935,M,FRANCIS,56
1936,F,MARY,506
1936,F,SHIRLEY,297
1936,F,MARGARET,227
1936,F,JOAN,194
1936,F,MARIE,150
1936,F,ELIZABETH,127
1936,F,HELEN,111
1936,F,JEAN,106
1936,F,CATHERINE,101
1936,F,BARBARA,95
1936,F,DOROTHY,91
1936,F,FLORENCE,74
1936,F,JOYCE,70
1936,F,MARION,67
1936,F,RUTH,66
1936,F,ANNIE,65
1936,F,PATRICIA,62
1936,F,MARJORIE,54
1936,F,BETTY,52
1936,F,ANNA,50
1936,F,AUDREY,50
1936,F,ROSE,50
1936,M,JOHN,483
1936,M,JAMES,284
1936,M,JOSEPH,276
1936,M,ROBERT,253
1936,M,WILLIAM,250
1936,M,DONALD,224
1936,M,GEORGE,186
1936,M,CHARLES,163
1936,M,RONALD,145
1936,M,DAVID,110
1936,M,GERALD,107
1936,M,EDWARD,99
1936,M,KENNETH,92
1936,M,HAROLD,86
1936,M,THOMAS,86
1936,M,GORDON,84
1936,M,DOUGLAS,75
1936,M,RAYMOND,70
1936,M,ARTHUR,60
1936,M,FRANCIS,55
1937,F,MARY,501
1937,F,SHIRLEY,224
1937,F,MARGARET,210
1937,F,MARIE,161
1937,F,JOAN,153
1937,F,ELIZABETH,147
1937,F,BARBARA,107
1937,F,HELEN,105
1937,F,JEAN,89
1937,F,CATHERINE,77
1937,F,DOROTHY,73
1937,F,FLORENCE,67
1937,F,PATRICIA,65
1937,F,MARJORIE,64
1937,F,CAROL,62
1937,F,MARION,55
1937,F,ALICE,52
1937,F,ROSE,52
1937,F,ANNIE,51
1937,F,RUTH,51
1937,M,JOHN,435
1937,M,JOSEPH,293
1937,M,JAMES,281
1937,M,ROBERT,272
1937,M,WILLIAM,261
1937,M,DONALD,221
1937,M,GEORGE,204
1937,M,CHARLES,136
1937,M,GERALD,120
1937,M,DAVID,118
1937,M,RONALD,115
1937,M,KENNETH,106
1937,M,THOMAS,95
1937,M,EDWARD,84
1937,M,DOUGLAS,75
1937,M,ARTHUR,69
1937,M,GORDON,68
1937,M,RAYMOND,65
1937,M,RICHARD,59
1937,M,FRANCIS,57
1938,F,MARY,498
1938,F,MARGARET,210
1938,F,SHIRLEY,205
1938,F,MARIE,156
1938,F,JOAN,146
1938,F,BARBARA,136
1938,F,ELIZABETH,131
1938,F,HELEN,111
1938,F,CATHERINE,100
1938,F,JEAN,95
1938,F,CAROL,86
1938,F,DOROTHY,85
1938,F,PATRICIA,76
1938,F,FLORENCE,72
1938,F,ANNIE,63
1938,F,MARION,63
1938,F,JOYCE,62
1938,F,ALICE,61
1938,F,AUDREY,58
1938,F,RUTH,58
1938,M,JOHN,483
1938,M,JAMES,292
1938,M,ROBERT,264
1938,M,JOSEPH,252
1938,M,WILLIAM,245
1938,M,DONALD,204
1938,M,CHARLES,169
1938,M,GEORGE,168
1938,M,DAVID,144
1938,M,RONALD,136
1938,M,GERALD,113
1938,M,KENNETH,109
1938,M,ARTHUR,99
1938,M,DOUGLAS,93
1938,M,EDWARD,88
1938,M,THOMAS,85
1938,M,HAROLD,79
1938,M,RICHARD,71
1938,M,GORDON,68
1938,M,RAYMOND,61
1939,F,MARY,508
1939,F,MARGARET,225
1939,F,SHIRLEY,185
1939,F,ELIZABETH,169
1939,F,JOAN,153
1939,F,BARBARA,144
1939,F,MARIE,135
1939,F,HELEN,105
1939,F,PATRICIA,98
1939,F,CATHERINE,91
1939,F,JEAN,90
1939,F,CAROL,88
1939,F,DOROTHY,81
1939,F,MARION,66
1939,F,MARILYN,64
1939,F,ANNIE,58
1939,F,JANET,54
1939,F,JOYCE,53
1939,F,ALICE,52
1939,F,FLORENCE,52
1939,M,JOHN,450
1939,M,JAMES,280
1939,M,JOSEPH,261
1939,M,ROBERT,251
1939,M,WILLIAM,234
1939,M,DONALD,190
1939,M,GEORGE,189
1939,M,DAVID,177
1939,M,CHARLES,143
1939,M,RONALD,104
1939,M,THOMAS,87
1939,M,KENNETH,85
1939,M,DOUGLAS,83
1939,M,GERALD,83
1939,M,EDWARD,74
1939,M,HAROLD,72
1939,M,RAYMOND,71
1939,M,RICHARD,67
1939,M,GORDON,66
1939,M,MICHAEL,63
1940,F,MARY,505
1940,F,MARGARET,244
1940,F,JOAN,164
1940,F,ELIZABETH,150
1940,F,MARIE,145
1940,F,SHIRLEY,133
1940,F,BARBARA,129
1940,F,PATRICIA,120
1940,F,MARILYN,112
1940,F,CATHERINE,101
1940,F,CAROL,97
1940,F,JEAN,93
1940,F,DOROTHY,87
1940,F,HELEN,81
1940,F,FLORENCE,65
1940,F,JUDITH,63
1940,F,RUTH,63
1940,F,ANN,60
1940,F,ALICE,59
1940,F,BETTY,59
1940,M,JOHN,511
1940,M,JAMES,300
1940,M,JOSEPH,274
1940,M,WILLIAM,265
1940,M,ROBERT,255
1940,M,DONALD,208
1940,M,DAVID,197
1940,M,GEORGE,169
1940,M,CHARLES,138
1940,M,GERALD,113
1940,M,RONALD,102
1940,M,GORDON,91
1940,M,THOMAS,87
1940,M,KENNETH,83
1940,M,RAYMOND,78
1940,M,EDWARD,76
1940,M,MICHAEL,75
1940,M,RICHARD,73
1940,M,ARTHUR,71
1940,M,DOUGLAS,70
1941,F,MARY,490
1941,F,MARGARET,211
1941,F,JOAN,167
1941,F,ELIZABETH,165
1941,F,MARIE,154
1941,F,CAROL,148
1941,F,PATRICIA,134
1941,F,BARBARA,130
1941,F,MARILYN,124
1941,F,SHIRLEY,123
1941,F,SANDRA,95
1941,F,JEAN,94
1941,F,CATHERINE,91
1941,F,HELEN,91
1941,F,JUDITH,89
1941,F,GLORIA,88
1941,F,DOROTHY,80
1941,F,MARION,76
1941,F,ANN,66
1941,F,DONNA,65
1941,M,JOHN,478
1941,M,WILLIAM,296
1941,M,JAMES,289
1941,M,JOSEPH,271
1941,M,ROBERT,263
1941,M,DAVID,233
1941,M,DONALD,215
1941,M,GEORGE,202
1941,M,RONALD,152
1941,M,CHARLES,151
1941,M,THOMAS,120
1941,M,KENNETH,102
1941,M,GERALD,99
1941,M,DOUGLAS,87
1941,M,RICHARD,85
1941,M,EDWARD,84
1941,M,HAROLD,83
1941,M,DANIEL,78
1941,M,WAYNE,77
1941,M,ARTHUR,70
1941,M,RAYMOND,70
1942,F,MARY,496
1942,F,MARGARET,239
1942,F,JOAN,282
1942,F,BARBARA,165
1942,F,CAROL,163
1942,F,MARILYN,162
1942,F,MARIE,154
1942,F,SHIRLEY,154
1942,F,ELIZABETH,141
1942,F,PATRICIA,138
1942,F,JUDITH,128
1942,F,SANDRA,118
1942,F,DONNA,102
1942,F,JEAN,96
1942,F,HELEN,92
1942,F,CATHERINE,90
1942,F,SHARON,83
1942,F,DOROTHY,74
1942,F,ANN,72
1942,F,GLORIA,72
1942,M,JOHN,586
1942,M,JAMES,374
1942,M,WILLIAM,316
1942,M,ROBERT,304
1942,M,JOSEPH,300
1942,M,DONALD,261
1942,M,DAVID,227
1942,M,GEORGE,203
1942,M,RONALD,154
1942,M,CHARLES,139
1942,M,KENNETH,126
1942,M,GERALD,120
1942,M,GORDON,112
1942,M,WAYNE,112
1942,M,THOMAS,108
1942,M,DOUGLAS,105
1942,M,EDWARD,100
1942,M,RICHARD,99
1942,M,PAUL,91
1942,M,MICHAEL,87
1943,F,MARY,518
1943,F,MARGARET,253
1943,F,MARIE,171
1943,F,JUDITH,164
1943,F,PATRICIA,153
1943,F,CAROL,152
1943,F,ELIZABETH,143
1943,F,SHARON,140
1943,F,SANDRA,137
1943,F,BARBARA,133
1943,F,DONNA,133
1943,F,MARILYN,126
1943,F,SHIRLEY,124
1943,F,JOAN,123
1943,F,LINDA,105
1943,F,HELEN,94
1943,F,CATHERINE,85
1943,F,DIANE,83
1943,F,GLORIA,81
1943,F,KAREN,80
1943,M,JOHN,536
1943,M,JAMES,370
1943,M,ROBERT,336
1943,M,JOSEPH,306
1943,M,WILLIAM,306
1943,M,DONALD,286
1943,M,DAVID,264
1943,M,GEORGE,175
1943,M,RONALD,151
1943,M,CHARLES,140
1943,M,KENNETH,133
1943,M,GERALD,122
1943,M,WAYNE,122
1943,M,DOUGLAS,105
1943,M,RICHARD,103
1943,M,MICHAEL,97
1943,M,THOMAS,94
1943,M,GORDON,90
1943,M,RAYMOND,86
1943,M,ARTHUR,84
1944,F,MARY,535
1944,F,MARGARET,236
1944,F,SHARON,184
1944,F,JUDITH,180
1944,F,PATRICIA,167
1944,F,MARIE,156
1944,F,CAROL,147
1944,F,LINDA,147
1944,F,SHIRLEY,141
1944,F,SANDRA,139
1944,F,ELIZABETH,135
1944,F,BARBARA,129
1944,F,DONNA,125
1944,F,JOAN,112
1944,F,CAROLYN,108
1944,F,CATHERINE,105
1944,F,HELEN,103
1944,F,MARILYN,103
1944,F,DIANE,78
1944,F,NANCY,78
1944,M,JOHN,596
1944,M,JAMES,348
1944,M,ROBERT,343
1944,M,JOSEPH,328
1944,M,DAVID,316
1944,M,WILLIAM,314
1944,M,DONALD,232
1944,M,GEORGE,183
1944,M,CHARLES,161
1944,M,RONALD,161
1944,M,KENNETH,151
1944,M,WAYNE,150
1944,M,GARY,123
1944,M,RICHARD,123
1944,M,THOMAS,115
1944,M,GERALD,114
1944,M,MICHAEL,105
1944,M,GORDON,103
1944,M,DOUGLAS,94
1944,M,PAUL,89
1945,F,MARY,473
1945,F,MARGARET,246
1945,F,JUDITH,214
1945,F,CAROL,177
1945,F,SANDRA,174
1945,F,SHARON,173
1945,F,PATRICIA,166
1945,F,LINDA,155
1945,F,ELIZABETH,145
1945,F,SHIRLEY,138
1945,F,DONNA,132
1945,F,MARIE,132
1945,F,BARBARA,127
1945,F,JOAN,121
1945,F,GLORIA,94
1945,F,MARILYN,90
1945,F,CAROLYN,88
1945,F,JEAN,84
1945,F,CATHERINE,83
1945,F,DOROTHY,80
1945,M,JOHN,597
1945,M,ROBERT,375
1945,M,JAMES,351
1945,M,JOSEPH,307
1945,M,WILLIAM,297
1945,M,DAVID,287
1945,M,DONALD,237
1945,M,GARY,196
1945,M,RONALD,189
1945,M,GEORGE,156
1945,M,WAYNE,145
1945,M,CHARLES,139
1945,M,KENNETH,130
1945,M,THOMAS,127
1945,M,MICHAEL,121
1945,M,RICHARD,120
1945,M,GERALD,115
1945,M,PAUL,115
1945,M,PETER,93
1945,M,DOUGLAS,92
1946,F,MARY,554
1946,F,MARGARET,284
1946,F,SHARON,238
1946,F,LINDA,230
1946,F,JUDITH,198
1946,F,DONNA,176
1946,F,PATRICIA,173
1946,F,ELIZABETH,164
1946,F,SANDRA,164
1946,F,BARBARA,151
1946,F,CAROL,150
1946,F,JOAN,136
1946,F,MARIE,133
1946,F,SHIRLEY,133
1946,F,CATHERINE,123
1946,F,CAROLYN,104
1946,F,MARILYN,104
1946,F,HELEN,90
1946,F,ANNE,89
1946,F,ANN,86
1946,F,DIANE,86
1946,F,SHEILA,86
1946,M,JOHN,698
1946,M,DAVID,375
1946,M,JAMES,370
1946,M,ROBERT,354
1946,M,WILLIAM,313
1946,M,JOSEPH,288
1946,M,DONALD,257
1946,M,GARY,197
1946,M,WAYNE,193
1946,M,RONALD,183
1946,M,RICHARD,176
1946,M,GEORGE,164
1946,M,GERALD,150
1946,M,CHARLES,148
1946,M,KENNETH,142
1946,M,MICHAEL,119
1946,M,DOUGLAS,118
1946,M,PAUL,116
1946,M,DANIEL,97
1946,M,THOMAS,93
1947,F,MARY,569
1947,F,LINDA,466
1947,F,MARGARET,249
1947,F,BARBARA,227
1947,F,SHARON,222
1947,F,PATRICIA,211
1947,F,DONNA,201
1947,F,JUDITH,201
1947,F,SANDRA,188
1947,F,CAROL,165
1947,F,ELIZABETH,155
1947,F,MARIE,129
1947,F,JOAN,120
1947,F,CATHERINE,116
1947,F,SHIRLEY,116
1947,F,BRENDA,96
1947,F,HELEN,94
1947,F,CAROLYN,93
1947,F,NANCY,93
1947,F,MARILYN,91
1947,M,JOHN,633
1947,M,DAVID,459
1947,M,JAMES,416
1947,M,ROBERT,388
1947,M,WILLIAM,360
1947,M,JOSEPH,279
1947,M,DONALD,268
1947,M,RONALD,207
1947,M,GARY,189
1947,M,WAYNE,183
1947,M,GEORGE,179
1947,M,RICHARD,175
1947,M,BRIAN,164
1947,M,CHARLES,163
1947,M,KENNETH,152
1947,M,MICHAEL,141
1947,M,PAUL,124
1947,M,GERALD,118
1947,M,THOMAS,111
1947,M,DOUGLAS,105
1948,F,MARY,516
1948,F,LINDA,498
1948,F,BARBARA,262
1948,F,SHARON,214
1948,F,MARGARET,209
1948,F,JUDITH,190
1948,F,PATRICIA,171
1948,F,ELIZABETH,168
1948,F,DONNA,150
1948,F,SANDRA,146
1948,F,CAROL,134
1948,F,BRENDA,113
1948,F,CATHERINE,112
1948,F,NANCY,109
1948,F,JOAN,106
1948,F,MARIE,106
1948,F,SHIRLEY,106
1948,F,HEATHER,97
1948,F,CAROLYN,90
1948,F,MARILYN,87
1948,M,JOHN,578
1948,M,DAVID,447
1948,M,JAMES,377
1948,M,ROBERT,366
1948,M,WILLIAM,321
1948,M,JOSEPH,289
1948,M,DONALD,245
1948,M,MICHAEL,190
1948,M,RONALD,186
1948,M,GEORGE,180
1948,M,GARY,162
1948,M,WAYNE,148
1948,M,KENNETH,138
1948,M,CHARLES,133
1948,M,THOMAS,129
1948,M,BRIAN,123
1948,M,RICHARD,119
1948,M,GERALD,117
1948,M,PAUL,109
1948,M,DOUGLAS,108
1949,F,MARY,513
1949,F,LINDA,434
1949,F,BARBARA,227
1949,F,MARGARET,218
1949,F,SHARON,185
1949,F,PATRICIA,184
1949,F,JUDITH,183
1949,F,DONNA,176
1949,F,BRENDA,166
1949,F,ELIZABETH,139
1949,F,CAROL,134
1949,F,SANDRA,128
1949,F,SHIRLEY,115
1949,F,SUSAN,113
1949,F,CATHERINE,112
1949,F,NANCY,109
1949,F,MARIE,97
1949,F,JOAN,94
1949,F,DEBORAH,90
1949,F,HEATHER,82
1949,M,JOHN,635
1949,M,DAVID,418
1949,M,JAMES,371
1949,M,ROBERT,344
1949,M,JOSEPH,304
1949,M,WILLIAM,285
1949,M,DONALD,227
1949,M,MICHAEL,190
1949,M,CHARLES,177
1949,M,RONALD,167
1949,M,GEORGE,161
1949,M,KENNETH,151
1949,M,BRIAN,146
1949,M,GARY,142
1949,M,RICHARD,135
1949,M,WAYNE,130
1949,M,THOMAS,128
1949,M,PAUL,120
1949,M,GERALD,116
1949,M,DOUGLAS,114
1950,F,MARY,461
1950,F,LINDA,332
1950,F,MARGARET,226
1950,F,JUDITH,178
1950,F,BRENDA,167
1950,F,DONNA,165
1950,F,BARBARA,163
1950,F,SHARON,153
1950,F,DEBORAH,152
1950,F,PATRICIA,151
1950,F,ELIZABETH,130
1950,F,SANDRA,130
1950,F,CATHERINE,121
1950,F,CAROL,118
1950,F,NANCY,115
1950,F,SHIRLEY,111
1950,F,SUSAN,108
1950,F,MARIE,101
1950,F,HELEN,90
1950,F,JANET,90
1950,M,JOHN,540
1950,M,DAVID,364
1950,M,ROBERT,360
1950,M,JAMES,354
1950,M,WILLIAM,269
1950,M,JOSEPH,264
1950,M,DONALD,233
1950,M,MICHAEL,211
1950,M,BRIAN,200
1950,M,GARY,178
1950,M,GEORGE,158
1950,M,RICHARD,149
1950,M,PAUL,145
1950,M,RONALD,144
1950,M,GERALD,135
1950,M,KENNETH,129
1950,M,CHARLES,124
1950,M,THOMAS,119
1950,M,PETER,108
1950,M,STEPHEN,108
1951,F,MARY,464
1951,F,LINDA,350
1951,F,MARGARET,210
1951,F,DEBORAH,203
1951,F,PATRICIA,192
1951,F,DONNA,182
1951,F,SHARON,155
1951,F,BARBARA,154
1951,F,ELIZABETH,150
1951,F,SUSAN,139
1951,F,BRENDA,129
1951,F,CATHERINE,129
1951,F,JUDITH,129
1951,F,CAROL,122
1951,F,MARIE,112
1951,F,SANDRA,102
1951,F,JANET,97
1951,F,ANNE,92
1951,F,NANCY,85
1951,F,ANN,82
1951,F,HEATHER,82
1951,M,JOHN,579
1951,M,DAVID,382
1951,M,JAMES,337
1951,M,ROBERT,330
1951,M,WILLIAM,291
1951,M,JOSEPH,266
1951,M,DONALD,250
1951,M,MICHAEL,241
1951,M,GARY,177
1951,M,BRIAN,176
1951,M,GEORGE,133
1951,M,RICHARD,132
1951,M,THOMAS,132
1951,M,KENNETH,131
1951,M,CHARLES,130
1951,M,PAUL,128
1951,M,STEPHEN,126
1951,M,RONALD,125
1951,M,WAYNE,111
1951,M,PETER,102
1952,F,MARY,529
1952,F,LINDA,308
1952,F,DEBORAH,220
1952,F,PATRICIA,200
1952,F,BARBARA,181
1952,F,BRENDA,177
1952,F,MARGARET,177
1952,F,ELIZABETH,175
1952,F,SUSAN,173
1952,F,CATHERINE,164
1952,F,DONNA,154
1952,F,JUDITH,139
1952,F,SHARON,125
1952,F,NANCY,118
1952,F,CAROL,106
1952,F,KAREN,103
1952,F,ANNE,98
1952,F,HEATHER,98
1952,F,JANET,94
1952,F,SHIRLEY,92
1952,M,JOHN,526
1952,M,DAVID,407
1952,M,JAMES,382
1952,M,ROBERT,367
1952,M,MICHAEL,269
1952,M,WILLIAM,262
1952,M,JOSEPH,255
1952,M,GARY,194
1952,M,DONALD,192
1952,M,BRIAN,179
1952,M,RICHARD,161
1952,M,THOMAS,152
1952,M,PAUL,146
1952,M,RONALD,146
1952,M,KENNETH,141
1952,M,GEORGE,137
1952,M,CHARLES,124
1952,M,DANIEL,113
1952,M,PETER,110
1952,M,WAYNE,109
1953,F,MARY,460
1953,F,DEBORAH,332
1953,F,LINDA,262
1953,F,SUSAN,210
1953,F,MARGARET,192
1953,F,PATRICIA,183
1953,F,DONNA,176
1953,F,CATHERINE,170
1953,F,JUDITH,166
1953,F,ELIZABETH,157
1953,F,BRENDA,137
1953,F,BARBARA,132
1953,F,HEATHER,127
1953,F,SHARON,125
1953,F,NANCY,122
1953,F,KAREN,114
1953,F,CAROL,107
1953,F,SANDRA,106
1953,F,ANNE,104
1953,F,JANET,97
1953,M,JOHN,537
1953,M,DAVID,399
1953,M,ROBERT,354
1953,M,JAMES,314
1953,M,MICHAEL,312
1953,M,WILLIAM,274
1953,M,JOSEPH,257
1953,M,DONALD,219
1953,M,BRIAN,188
1953,M,GARY,177
1953,M,RICHARD,170
1953,M,PAUL,162
1953,M,STEPHEN,155
1953,M,RONALD,149
1953,M,GEORGE,137
1953,M,DANIEL,135
1953,M,THOMAS,134
1953,M,CHARLES,128
1953,M,KENNETH,125
1953,M,DOUGLAS,115
1954,F,MARY,492
1954,F,DEBORAH,329
1954,F,LINDA,258
1954,F,SUSAN,189
1954,F,DONNA,183
1954,F,MARGARET,170
1954,F,PATRICIA,168
1954,F,CATHERINE,161
1954,F,ELIZABETH,157
1954,F,BARBARA,153
1954,F,SHARON,135
1954,F,NANCY,134
1954,F,JUDITH,131
1954,F,BRENDA,128
1954,F,JANET,120
1954,F,CAROL,116
1954,F,KAREN,115
1954,F,HEATHER,111
1954,F,MARIE,108
1954,F,SANDRA,102
1954,M,JOHN,578
1954,M,ROBERT,389
1954,M,DAVID,388
1954,M,MICHAEL,359
1954,M,JAMES,310
1954,M,WILLIAM,298
1954,M,JOSEPH,246
1954,M,DONALD,221
1954,M,BRIAN,193
1954,M,PAUL,166
1954,M,GARY,164
1954,M,KENNETH,150
1954,M,STEPHEN,145
1954,M,RICHARD,142
1954,M,GEORGE,139
1954,M,RONALD,139
1954,M,KEVIN,136
1954,M,CHARLES,135
1954,M,DOUGLAS,120
1954,M,PETER,119
1954,M,WAYNE,119
1955,F,MARY,448
1955,F,DEBORAH,301
1955,F,LINDA,224
1955,F,SUSAN,207
1955,F,DONNA,192
1955,F,MARGARET,189
1955,F,CATHERINE,180
1955,F,PATRICIA,172
1955,F,SHARON,150
1955,F,ELIZABETH,149
1955,F,BARBARA,147
1955,F,DEBRA,142
1955,F,NANCY,138
1955,F,HEATHER,136
1955,F,KAREN,135
1955,F,BRENDA,113
1955,F,WENDY,101
1955,F,MARILYN,100
1955,F,JANET,97
1955,F,MARIE,96
1955,M,JOHN,499
1955,M,DAVID,478
1955,M,ROBERT,372
1955,M,JAMES,364
1955,M,MICHAEL,317
1955,M,WILLIAM,290
1955,M,JOSEPH,268
1955,M,DONALD,226
1955,M,PAUL,182
1955,M,GARY,176
1955,M,BRIAN,172
1955,M,RICHARD,156
1955,M,STEPHEN,156
1955,M,KEVIN,154
1955,M,RONALD,143
1955,M,KENNETH,140
1955,M,THOMAS,140
1955,M,PETER,134
1955,M,GEORGE,129
1955,M,WAYNE,118
1956,F,MARY,398
1956,F,DEBORAH,340
1956,F,SUSAN,222
1956,F,LINDA,196
1956,F,DONNA,195
1956,F,CATHERINE,191
1956,F,PATRICIA,179
1956,F,MARGARET,178
1956,F,KAREN,147
1956,F,BRENDA,141
1956,F,NANCY,140
1956,F,SHARON,139
1956,F,BARBARA,134
1956,F,HEATHER,129
1956,F,ELIZABETH,123
1956,F,SANDRA,108
1956,F,DEBRA,105
1956,F,DARLENE,101
1956,F,JANET,96
1956,F,MARIE,96
1956,M,JOHN,478
1956,M,DAVID,461
1956,M,MICHAEL,381
1956,M,JAMES,364
1956,M,ROBERT,358
1956,M,WILLIAM,305
1956,M,JOSEPH,265
1956,M,DONALD,231
1956,M,BRIAN,203
1956,M,PAUL,203
1956,M,RICHARD,199
1956,M,KEVIN,180
1956,M,STEPHEN,178
1956,M,GARY,172
1956,M,THOMAS,167
1956,M,KENNETH,158
1956,M,RONALD,144
1956,M,PETER,129
1956,M,CHARLES,128
1956,M,GEORGE,127
1957,F,MARY,430
1957,F,DEBORAH,305
1957,F,SUSAN,230
1957,F,CATHERINE,216
1957,F,DONNA,195
1957,F,KAREN,185
1957,F,BRENDA,170
1957,F,MARGARET,166
1957,F,PATRICIA,166
1957,F,LINDA,164
1957,F,HEATHER,141
1957,F,CYNTHIA,135
1957,F,ELIZABETH,135
1957,F,BARBARA,133
1957,F,NANCY,126
1957,F,DEBRA,119
1957,F,JANET,107
1957,F,SHARON,106
1957,F,SANDRA,101
1957,F,MARIE,98
1957,M,JOHN,484
1957,M,DAVID,430
1957,M,ROBERT,387
1957,M,MICHAEL,338
1957,M,JAMES,317
1957,M,WILLIAM,258
1957,M,JOSEPH,251
1957,M,DONALD,238
1957,M,STEPHEN,213
1957,M,KEVIN,197
1957,M,PAUL,195
1957,M,BRIAN,179
1957,M,DANIEL,175
1957,M,RICHARD,175
1957,M,RONALD,143
1957,M,KENNETH,142
1957,M,GARY,138
1957,M,PETER,137
1957,M,THOMAS,129
1957,M,GREGORY,117
1958,F,MARY,381
1958,F,SUSAN,260
1958,F,DEBORAH,239
1958,F,CATHERINE,218
1958,F,LINDA,184
1958,F,DONNA,176
1958,F,PATRICIA,163
1958,F,MARGARET,159
1958,F,DARLENE,157
1958,F,KAREN,154
1958,F,NANCY,133
1958,F,HEATHER,132
1958,F,DEBRA,127
1958,F,BRENDA,125
1958,F,ELIZABETH,120
1958,F,SHARON,111
1958,F,JANET,106
1958,F,CHERYL,105
1958,F,BARBARA,99
1958,F,CYNTHIA,92
1958,M,JOHN,478
1958,M,DAVID,419
1958,M,ROBERT,357
1958,M,MICHAEL,349
1958,M,JAMES,296
1958,M,WILLIAM,251
1958,M,JOSEPH,250
1958,M,STEPHEN,244
1958,M,PAUL,208
1958,M,DONALD,203
1958,M,KEVIN,202
1958,M,BRIAN,200
1958,M,RICHARD,189
1958,M,RONALD,161
1958,M,KENNETH,152
1958,M,PETER,149
1958,M,DANIEL,144
1958,M,GARY,121
1958,M,THOMAS,115
1958,M,WAYNE,107
1959,F,MARY,393
1959,F,DONNA,266
1959,F,SUSAN,248
1959,F,CATHERINE,216
1959,F,LINDA,198
1959,F,DEBORAH,197
1959,F,KAREN,185
1959,F,HEATHER,165
1959,F,DARLENE,164
1959,F,PATRICIA,150
1959,F,MARGARET,149
1959,F,NANCY,143
1959,F,BRENDA,138
1959,F,SANDRA,126
1959,F,ELIZABETH,119
1959,F,CHERYL,107
1959,F,SHARON,107
1959,F,JANET,106
1959,F,WENDY,98
1959,F,CYNTHIA,95
1959,M,JOHN,509
1959,M,DAVID,402
1959,M,JAMES,357
1959,M,MICHAEL,354
1959,M,ROBERT,299
1959,M,WILLIAM,238
1959,M,STEPHEN,225
1959,M,KEVIN,223
1959,M,JOSEPH,219
1959,M,PAUL,209
1959,M,DONALD,199
1959,M,BRIAN,183
1959,M,RICHARD,175
1959,M,DANIEL,158
1959,M,RONALD,153
1959,M,PETER,152
1959,M,KENNETH,151
1959,M,TIMOTHY,131
1959,M,DOUGLAS,112
1959,M,CHARLES,108
1960,F,MARY,381
1960,F,SUSAN,251
1960,F,DONNA,246
1960,F,DEBORAH,198
1960,F,KAREN,186
1960,F,DARLENE,173
1960,F,MARGARET,168
1960,F,CATHERINE,160
1960,F,LINDA,156
1960,F,HEATHER,142
1960,F,PATRICIA,135
1960,F,NANCY,130
1960,F,BRENDA,129
1960,F,SANDRA,122
1960,F,BARBARA,118
1960,F,CHERYL,111
1960,F,SHARON,110
1960,F,JANET,107
1960,F,WENDY,100
1960,F,ELIZABETH,99
1960,M,JOHN,454
1960,M,DAVID,406
1960,M,ROBERT,355
1960,M,MICHAEL,352
1960,M,JAMES,317
1960,M,PAUL,229
1960,M,JOSEPH,226
1960,M,WILLIAM,224
1960,M,KEVIN,219
1960,M,STEPHEN,216
1960,M,RICHARD,191
1960,M,DONALD,187
1960,M,BRIAN,172
1960,M,TIMOTHY,164
1960,M,PETER,149
1960,M,PETER,147
1960,M,KENNETH,129
1960,M,RONALD,122
1960,M,CHRISTOPHER,114
1960,M,THOMAS,112
1961,F,MARY,379
1961,F,SUSAN,248
1961,F,DEBORAH,209
1961,F,DONNA,202
1961,F,KAREN,174
1961,F,CATHERINE,169
1961,F,DARLENE,163
1961,F,LINDA,152
1961,F,HEATHER,150
1961,F,PATRICIA,149
1961,F,BRENDA,143
1961,F,ELIZABETH,131
1961,F,MARGARET,127
1961,F,NANCY,126
1961,F,SANDRA,125
1961,F,CHERYL,104
1961,F,SHARON,104
1961,F,CYNTHIA,100
1961,F,WENDY,98
1961,F,JANET,97
1961,M,JOHN,470
1961,M,DAVID,423
1961,M,ROBERT,377
1961,M,MICHAEL,363
1961,M,JAMES,315
1961,M,KEVIN,261
1961,M,WILLIAM,244
1961,M,PAUL,231
1961,M,STEPHEN,227
1961,M,JOSEPH,199
1961,M,PETER,177
1961,M,RICHARD,168
1961,M,DONALD,167
1961,M,TIMOTHY,162
1961,M,BRIAN,161
1961,M,DANIEL,154
1961,M,GREGORY,141
1961,M,KENNETH,134
1961,M,CHRISTOPHER,133
1961,M,MARK,133
1962,F,MARY,322
1962,F,SUSAN,226
1962,F,KAREN,187
1962,F,BRENDA,182
1962,F,CATHERINE,181
1962,F,DEBORAH,168
1962,F,DONNA,168
1962,F,HEATHER,149
1962,F,PATRICIA,149
1962,F,DARLENE,133
1962,F,SANDRA,133
1962,F,LINDA,125
1962,F,CHERYL,118
1962,F,MARGARET,116
1962,F,ELIZABETH,113
1962,F,WENDY,113
1962,F,NANCY,107
1962,F,PAMELA,103
1962,F,SHARON,99
1962,F,CAROL,98
1962,M,JOHN,517
1962,M,DAVID,471
1962,M,MICHAEL,409
1962,M,ROBERT,359
1962,M,JAMES,326
1962,M,KEVIN,258
1962,M,STEPHEN,246
1962,M,PAUL,236
1962,M,JOSEPH,234
1962,M,WILLIAM,215
1962,M,DONALD,166
1962,M,DANIEL,164
1962,M,PETER,158
1962,M,BRIAN,141
1962,M,RICHARD,141
1962,M,MARK,132
1962,M,KENNETH,128
1962,M,TIMOTHY,126
1962,M,RONALD,118
1962,M,GREGORY,107
1963,F,MARY,300
1963,F,KAREN,208
1963,F,SUSAN,208
1963,F,DONNA,178
1963,F,HEATHER,155
1963,F,BRENDA,148
1963,F,DEBORAH,145
1963,F,SANDRA,143
1963,F,CATHERINE,135
1963,F,PATRICIA,122
1963,F,NANCY,119
1963,F,ELIZABETH,113
1963,F,DARLENE,110
1963,F,MARGARET,102
1963,F,SHARON,102
1963,F,LINDA,101
1963,F,JANET,98
1963,F,CHERYL,96
1963,F,ANGELA,94
1963,F,WANDA,94
1963,M,JOHN,467
1963,M,DAVID,401
1963,M,MICHAEL,390
1963,M,ROBERT,345
1963,M,JAMES,292
1963,M,PAUL,271
1963,M,STEPHEN,245
1963,M,KEVIN,228
1963,M,WILLIAM,216
1963,M,JOSEPH,196
1963,M,DONALD,174
1963,M,PETER,171
1963,M,BRIAN,153
1963,M,MARK,147
1963,M,RONALD,146
1963,M,KENNETH,144
1963,M,RICHARD,143
1963,M,DANIEL,129
1963,M,TIMOTHY,125
1963,M,CHRISTOPHER,118
1963,M,GREGORY,118
1964,F,MARY,280
1964,F,SUSAN,209
1964,F,KAREN,198
1964,F,HEATHER,173
1964,F,PATRICIA,151
1964,F,CATHERINE,147
1964,F,DONNA,143
1964,F,BRENDA,127
1964,F,DEBORAH,127
1964,F,SANDRA,115
1964,F,DARLENE,110
1964,F,CHERYL,104
1964,F,MARGARET,104
1964,F,LISA,99
1964,F,NANCY,99
1964,F,PAULA,96
1964,F,LINDA,93
1964,F,WANDA,92
1964,F,BARBARA,91
1964,F,SHARON,91
1964,M,JOHN,471
1964,M,ROBERT,383
1964,M,MICHAEL,375
1964,M,DAVID,336
1964,M,JAMES,322
1964,M,PAUL,240
1964,M,KEVIN,221
1964,M,JOSEPH,200
1964,M,STEPHEN,198
1964,M,WILLIAM,181
1964,M,RICHARD,161
1964,M,DONALD,156
1964,M,BRIAN,149
1964,M,PETER,136
1964,M,MARK,133
1964,M,KENNETH,132
1964,M,RONALD,127
1964,M,TIMOTHY,125
1964,M,DANIEL,118
1964,M,CHRISTOPHER,103
1964,M,GREGORY,103
1965,F,KAREN,207
1965,F,MARY,194
1965,F,SUSAN,170
1965,F,LISA,160
1965,F,HEATHER,144
1965,F,DONNA,128
1965,F,DEBORAH,127
1965,F,PATRICIA,122
1965,F,CATHERINE,107
1965,F,NANCY,104
1965,F,ANGELA,100
1965,F,BRENDA,99
1965,F,SANDRA,97
1965,F,CHERYL,96
1965,F,ELIZABETH,92
1965,F,WENDY,90
1965,F,MARGARET,89
1965,F,DARLENE,83
1965,F,PAULA,79
1965,F,JANICE,78
1965,M,JOHN,412
1965,M,MICHAEL,339
1965,M,ROBERT,332
1965,M,DAVID,281
1965,M,JAMES,269
1965,M,PAUL,228
1965,M,DARREN,191
1965,M,JOSEPH,190
1965,M,KEVIN,190
1965,M,STEPHEN,179
1965,M,WILLIAM,153
1965,M,MARK,148
1965,M,RICHARD,129
1965,M,DONALD,125
1965,M,PETER,124
1965,M,CHRISTOPHER,115
1965,M,TIMOTHY,113
1965,M,DANIEL,112
1965,M,KENNETH,111
1965,M,BRIAN,110
1966,F,KAREN,212
1966,F,MARY,209
1966,F,LISA,164
1966,F,SUSAN,138
1966,F,PATRICIA,125
1966,F,DONNA,114
1966,F,HEATHER,106
1966,F,KIMBERLY,105
1966,F,ANGELA,103
1966,F,SANDRA,95
1966,F,CATHERINE,93
1966,F,MARGARET,93
1966,F,KIMBERLEY,74
1966,F,SHARON,74
1966,F,CHERYL,73
1966,F,DEBORAH,73
1966,F,WENDY,73
1966,F,ELIZABETH,71
1966,F,BRENDA,70
1966,F,MICHELE,68
1966,M,JOHN,376
1966,M,MICHAEL,324
1966,M,DAVID,303
1966,M,ROBERT,301
1966,M,JAMES,243
1966,M,PAUL,184
1966,M,JOSEPH,169
1966,M,KEVIN,168
1966,M,STEPHEN,147
1966,M,WILLIAM,142
1966,M,DONALD,132
1966,M,BRIAN,123
1966,M,TIMOTHY,121
1966,M,CHRISTOPHER,116
1966,M,RICHARD,116
1966,M,MARK,113
1966,M,SCOTT,105
1966,M,PETER,103
1966,M,ANDREW,99
1966,M,DANIEL,97
1967,F,LISA,240
1967,F,MARY,181
1967,F,KAREN,157
1967,F,ANGELA,140
1967,F,SUSAN,125
1967,F,PATRICIA,120
1967,F,KIMBERLY,112
1967,F,HEATHER,100
1967,F,CATHERINE,95
1967,F,DONNA,91
1967,F,NANCY,84
1967,F,SANDRA,83
1967,F,DARLENE,74
1967,F,CHERYL,72
1967,F,DEBORAH,71
1967,F,KELLY,70
1967,F,KIMBERLEY,70
1967,F,SHELLEY,70
1967,F,SHERRY,70
1967,F,BRENDA,68
1967,M,JOHN,293
1967,M,DAVID,287
1967,M,ROBERT,281
1967,M,MICHAEL,263
1967,M,JAMES,251
1967,M,KEVIN,162
1967,M,CHRISTOPHER,153
1967,M,PAUL,149
1967,M,WILLIAM,140
1967,M,JOSEPH,137
1967,M,PETER,132
1967,M,BRIAN,127
1967,M,STEPHEN,127
1967,M,TIMOTHY,111
1967,M,JEFFREY,103
1967,M,DANIEL,101
1967,M,DONALD,99
1967,M,MARK,96
1967,M,RICHARD,95
1967,M,THOMAS,92
1968,F,LISA,259
1968,F,KAREN,125
1968,F,ANGELA,124
1968,F,SUSAN,117
1968,F,MARY,115
1968,F,MICHELLE,112
1968,F,HEATHER,101
1968,F,PATRICIA,89
1968,F,KELLY,88
1968,F,SANDRA,81
1968,F,DONNA,80
1968,F,JENNIFER,78
1968,F,KIMBERLY,76
1968,F,MARGARET,74
1968,F,KIMBERLEY,73
1968,F,CATHERINE,72
1968,F,TAMMY,72
1968,F,NANCY,67
1968,F,CHERYL,63
1968,F,BRENDA,62
1968,F,ELIZABETH,62
1968,M,JOHN,312
1968,M,MICHAEL,311
1968,M,ROBERT,267
1968,M,DAVID,254
1968,M,JAMES,196
1968,M,PAUL,163
1968,M,CHRISTOPHER,155
1968,M,STEPHEN,149
1968,M,WILLIAM,143
1968,M,KEVIN,138
1968,M,MARK,138
1968,M,SCOTT,125
1968,M,DANIEL,109
1968,M,DARREN,109
1968,M,RICHARD,109
1968,M,TIMOTHY,107
1968,M,BRIAN,106
1968,M,PETER,105
1968,M,JOSEPH,101
1968,M,DONALD,92
1969,F,LISA,236
1969,F,MARY,123
1969,F,MICHELLE,121
1969,F,ANGELA,104
1969,F,HEATHER,104
1969,F,KAREN,97
1969,F,JENNIFER,95
1969,F,TAMMY,94
1969,F,KIMBERLY,89
1969,F,PATRICIA,86
1969,F,DONNA,79
1969,F,SUSAN,78
1969,F,KELLY,74
1969,F,CATHERINE,73
1969,F,KIMBERLEY,73
1969,F,BRENDA,69
1969,F,SHELLEY,68
1969,F,PAMELA,67
1969,F,TANYA,65
1969,F,CHERYL,61
1969,M,DAVID,289
1969,M,MICHAEL,285
1969,M,JOHN,272
1969,M,ROBERT,242
1969,M,JAMES,195
1969,M,PAUL,156
1969,M,MARK,139
1969,M,CHRISTOPHER,134
1969,M,KEVIN,130
1969,M,SCOTT,127
1969,M,STEPHEN,126
1969,M,WILLIAM,115
1969,M,JOSEPH,105
1969,M,DARREN,102
1969,M,RICHARD,98
1969,M,DONALD,93
1969,M,BRIAN,91
1969,M,PETER,91
1969,M,STEVEN,90
1969,M,TIMOTHY,90
1970,F,LISA,189
1970,F,MARY,143
1970,F,MICHELLE,136
1970,F,JENNIFER,135
1970,F,ANGELA,131
1970,F,TAMMY,130
1970,F,TRACY,128
1970,F,KAREN,110
1970,F,KIMBERLY,108
1970,F,KELLY,101
1970,F,PATRICIA,92
1970,F,HEATHER,89
1970,F,SUSAN,82
1970,F,TANYA,77
1970,F,TRACEY,76
1970,F,KIMBERLEY,69
1970,F,DONNA,65
1970,F,NICOLE,64
1970,F,PAMELA,64
1970,F,SHELLEY,62
1970,M,JOHN,305
1970,M,MICHAEL,285
1970,M,DAVID,270
1970,M,ROBERT,230
1970,M,JAMES,216
1970,M,CHRISTOPHER,158
1970,M,SCOTT,145
1970,M,MARK,144
1970,M,PAUL,143
1970,M,WILLIAM,143
1970,M,KEVIN,138
1970,M,STEPHEN,122
1970,M,JOSEPH,119
1970,M,CRAIG,104
1970,M,ANDREW,103
1970,M,RICHARD,101
1970,M,PETER,96
1970,M,JEFFREY,93
1970,M,STEVEN,89
1970,M,KENNETH,86
1971,F,LISA,202
1971,F,JENNIFER,161
1971,F,TAMMY,143
1971,F,TRACY,138
1971,F,ANGELA,137
1971,F,MICHELLE,137
1971,F,KAREN,125
1971,F,KELLY,121
1971,F,HEATHER,115
1971,F,TANYA,105
1971,F,MARY,92
1971,F,KIMBERLY,79
1971,F,SUSAN,68
1971,F,PATRICIA,64
1971,F,CATHERINE,62
1971,F,TRACEY,62
1971,F,KIMBERLEY,60
1971,F,SHELLEY,59
1971,F,NICOLE,57
1971,F,SANDRA,57
1971,M,DAVID,273
1971,M,JAMES,256
1971,M,JOHN,256
1971,M,MICHAEL,250
1971,M,ROBERT,223
1971,M,CHRISTOPHER,191
1971,M,MARK,148
1971,M,SCOTT,142
1971,M,PAUL,132
1971,M,KEVIN,130
1971,M,JASON,126
1971,M,WILLIAM,119
1971,M,CRAIG,103
1971,M,BRIAN,100
1971,M,STEPHEN,100
1971,M,RICHARD,96
1971,M,SHAWN,96
1971,M,JOSEPH,90
1971,M,PETER,90
1971,M,TIMOTHY,90
1972,F,JENNIFER,182
1972,F,LISA,154
1972,F,MICHELLE,151
1972,F,TAMMY,128
1972,F,ANGELA,120
1972,F,KELLY,104
1972,F,TANYA,101
1972,F,HEATHER,92
1972,F,MARY,89
1972,F,NICOLE,89
1972,F,KAREN,88
1972,F,TRACY,88
1972,F,KIMBERLY,78
1972,F,PATRICIA,76
1972,F,SUSAN,68
1972,F,TRACEY,68
1972,F,SHELLEY,67
1972,F,KIMBERLEY,63
1972,F,JULIE,59
1972,F,DONNA,57
1972,F,KRISTA,57
1972,M,MICHAEL,265
1972,M,JASON,230
1972,M,JOHN,227
1972,M,DAVID,211
1972,M,CHRISTOPHER,204
1972,M,ROBERT,203
1972,M,JAMES,184
1972,M,MARK,140
1972,M,WILLIAM,132
1972,M,SCOTT,125
1972,M,PAUL,101
1972,M,KEVIN,100
1972,M,STEPHEN,100
1972,M,JOSEPH,99
1972,M,TREVOR,96
1972,M,JEFFREY,91
1972,M,DONALD,90
1972,M,PETER,88
1972,M,SHAWN,87
1972,M,ANDREW,84
1973,F,JENNIFER,214
1973,F,MICHELLE,160
1973,F,TANYA,143
1973,F,LISA,131
1973,F,TAMMY,124
1973,F,ANGELA,121
1973,F,TRACY,107
1973,F,HEATHER,104
1973,F,KELLY,97
1973,F,KAREN,83
1973,F,NICOLE,77
1973,F,PATRICIA,71
1973,F,KIMBERLY,70
1973,F,STEPHANIE,68
1973,F,MARY,63
1973,F,MELANIE,62
1973,F,SUSAN,59
1973,F,KIMBERLEY,58
1973,F,TINA,58
1973,F,TRACEY,57
1973,M,JASON,332
1973,M,MICHAEL,258
1973,M,CHRISTOPHER,214
1973,M,JOHN,191
1973,M,ROBERT,189
1973,M,JAMES,180
1973,M,DAVID,177
1973,M,KEVIN,134
1973,M,MARK,132
1973,M,WILLIAM,114
1973,M,SCOTT,111
1973,M,PAUL,106
1973,M,STEPHEN,101
1973,M,SHAWN,92
1973,M,ANDREW,90
1973,M,PETER,90
1973,M,DANIEL,89
1973,M,BRIAN,87
1973,M,GREGORY,86
1973,M,JEFFREY,86
1974,F,JENNIFER,217
1974,F,TANYA,173
1974,F,MICHELLE,149
1974,F,LISA,134
1974,F,TAMMY,132
1974,F,ANGELA,115
1974,F,TRACY,93
1974,F,HEATHER,89
1974,F,KELLY,88
1974,F,NICOLE,72
1974,F,NATASHA,68
1974,F,KIMBERLY,66
1974,F,PATRICIA,66
1974,F,STEPHANIE,64
1974,F,KAREN,61
1974,F,SUSAN,61
1974,F,MARY,54
1974,F,MELANIE,54
1974,F,ELIZABETH,53
1974,F,KIMBERLEY,53
1974,M,JASON,327
1974,M,MICHAEL,246
1974,M,DAVID,230
1974,M,JOHN,215
1974,M,CHRISTOPHER,201
1974,M,JAMES,194
1974,M,ROBERT,179
1974,M,MARK,139
1974,M,SCOTT,120
1974,M,KEVIN,107
1974,M,WILLIAM,98
1974,M,STEPHEN,93
1974,M,TREVOR,91
1974,M,DANIEL,87
1974,M,ANDREW,84
1974,M,BRIAN,82
1974,M,PAUL,82
1974,M,STEVEN,81
1974,M,JOSEPH,80
1974,M,MATTHEW,80
1974,M,SHAWN,80
1975,F,JENNIFER,254
1975,F,TANYA,156
1975,F,ANGELA,125
1975,F,TAMMY,121
1975,F,LISA,117
1975,F,MICHELLE,89
1975,F,HEATHER,85
1975,F,TRACY,84
1975,F,NICOLE,80
1975,F,KIMBERLY,73
1975,F,KAREN,72
1975,F,MELANIE,68
1975,F,KELLY,66
1975,F,NANCY,66
1975,F,NATASHA,60
1975,F,PATRICIA,58
1975,F,STEPHANIE,56
1975,F,KRISTA,55
1975,F,SARAH,55
1975,F,MARY,51
1975,F,TARA,51
1975,M,JASON,352
1975,M,MICHAEL,255
1975,M,CHRISTOPHER,226
1975,M,JOHN,216
1975,M,JAMES,209
1975,M,DAVID,207
1975,M,ROBERT,175
1975,M,MARK,130
1975,M,SCOTT,115
1975,M,KEVIN,111
1975,M,MATTHEW,101
1975,M,STEPHEN,96
1975,M,ANDREW,95
1975,M,WILLIAM,94
1975,M,JEFFREY,93
1975,M,RICHARD,93
1975,M,PAUL,88
1975,M,STEVEN,87
1975,M,DANIEL,81
1975,M,TREVOR,81
1976,F,JENNIFER,287
1976,F,LISA,141
1976,F,ANGELA,138
1976,F,TANYA,136
1976,F,MICHELLE,105
1976,F,TAMMY,99
1976,F,HEATHER,78
1976,F,SHANNON,75
1976,F,KAREN,72
1976,F,TRACY,72
1976,F,AMANDA,70
1976,F,NICOLE,69
1976,F,MELANIE,67
1976,F,MARY,65
1976,F,MELISSA,65
1976,F,SARAH,61
1976,F,STEPHANIE,60
1976,F,KIMBERLY,58
1976,F,LAURA,58
1976,F,JULIE,57
1976,M,JASON,270
1976,M,MICHAEL,265
1976,M,CHRISTOPHER,261
1976,M,DAVID,223
1976,M,JAMES,192
1976,M,JOHN,189
1976,M,ROBERT,163
1976,M,MARK,141
1976,M,ANDREW,110
1976,M,JOSEPH,103
1976,M,SCOTT,102
1976,M,JEFFREY,100
1976,M,STEPHEN,98
1976,M,MATTHEW,91
1976,M,WILLIAM,89
1976,M,KEVIN,88
1976,M,TREVOR,87
1976,M,BRIAN,84
1976,M,STEVEN,84
1976,M,DANIEL,78
1977,F,JENNIFER,233
1977,F,ANGELA,131
1977,F,TANYA,112
1977,F,AMANDA,93
1977,F,MICHELLE,92
1977,F,LISA,91
1977,F,MELISSA,90
1977,F,SARAH,85
1977,F,AMY,84
1977,F,KELLY,80
1977,F,HEATHER,77
1977,F,CRYSTAL,68
1977,F,TAMMY,65
1977,F,KAREN,64
1977,F,ANDREA,62
1977,F,TARA,61
1977,F,ERIN,60
1977,F,SHANNON,59
1977,F,STEPHANIE,56
1977,F,LAURA,53
1977,F,MARY,53
1977,F,NICOLE,53
1977,M,MICHAEL,247
1977,M,CHRISTOPHER,243
1977,M,JASON,242
1977,M,JOHN,174
1977,M,JAMES,173
1977,M,DAVID,168
1977,M,ROBERT,167
1977,M,MATTHEW,130
1977,M,ANDREW,118
1977,M,MARK,104
1977,M,DANIEL,97
1977,M,WILLIAM,96
1977,M,SHAWN,90
1977,M,BRIAN,85
1977,M,SCOTT,85
1977,M,JOSEPH,81
1977,M,STEPHEN,81
1977,M,TREVOR,77
1977,M,JEFFREY,76
1977,M,PETER,75
1978,F,JENNIFER,242
1978,F,ANGELA,139
1978,F,MELISSA,136
1978,F,LISA,128
1978,F,AMANDA,126
1978,F,SARAH,107
1978,F,MICHELLE,105
1978,F,AMY,101
1978,F,TANYA,95
1978,F,KELLY,87
1978,F,HEATHER,84
1978,F,ERIN,77
1978,F,MELANIE,68
1978,F,TARA,68
1978,F,CRYSTAL,65
1978,F,MARY,64
1978,F,LAURA,60
1978,F,NICOLE,60
1978,F,STEPHANIE,58
1978,F,ANDREA,57
1978,F,SHANNON,57
1978,F,TAMMY,57
1978,M,JASON,240
1978,M,MICHAEL,234
1978,M,JAMES,191
1978,M,CHRISTOPHER,189
1978,M,DAVID,186
1978,M,JOHN,178
1978,M,ROBERT,164
1978,M,MARK,140
1978,M,MATTHEW,134
1978,M,ANDREW,116
1978,M,JOSEPH,115
1978,M,ADAM,97
1978,M,RYAN,90
1978,M,STEPHEN,88
1978,M,DANIEL,87
1978,M,NICHOLAS,85
1978,M,WILLIAM,84
1978,M,JONATHAN,81
1978,M,STEVEN,76
1978,M,KEVIN,75
1979,F,AMANDA,333
1979,F,JENNIFER,231
1979,F,MELISSA,177
1979,F,ANGELA,113
1979,F,AMY,104
1979,F,LISA,95
1979,F,SARAH,89
1979,F,MICHELLE,78
1979,F,LAURA,74
1979,F,ERIN,73
1979,F,HEATHER,73
1979,F,KELLY,67
1979,F,TARA,64
1979,F,NICOLE,62
1979,F,MARY,60
1979,F,MELANIE,60
1979,F,CRYSTAL,59
1979,F,TANYA,58
1979,F,SHANNON,56
1979,F,STEPHANIE,54
1979,M,MICHAEL,254
1979,M,CHRISTOPHER,227
1979,M,JASON,208
1979,M,DAVID,177
1979,M,JAMES,175
1979,M,JOHN,171
1979,M,MATTHEW,168
1979,M,ANDREW,141
1979,M,ADAM,126
1979,M,MARK,126
1979,M,NICHOLAS,121
1979,M,ROBERT,118
1979,M,DANIEL,112
1979,M,JOSEPH,110
1979,M,RYAN,102
1979,M,WILLIAM,92
1979,M,STEPHEN,86
1979,M,BRIAN,85
1979,M,KEVIN,81
1979,M,SCOTT,80
1980,F,AMANDA,298
1980,F,JENNIFER,249
1980,F,MELISSA,209
1980,F,SARAH,149
1980,F,AMY,111
1980,F,MICHELLE,105
1980,F,ANGELA,92
1980,F,LISA,90
1980,F,ERIN,89
1980,F,HEATHER,79
1980,F,TARA,72
1980,F,KELLY,69
1980,F,LAURA,67
1980,F,NICOLE,67
1980,F,TANYA,62
1980,F,CRYSTAL,53
1980,F,KIMBERLY,53
1980,F,MARY,51
1980,F,ELIZABETH,50
1980,F,STEPHANIE,47
1980,M,MICHAEL,262
1980,M,JASON,208
1980,M,CHRISTOPHER,207
1980,M,MATTHEW,186
1980,M,DAVID,151
1980,M,JOHN,146
1980,M,ROBERT,143
1980,M,JAMES,137
1980,M,ADAM,136
1980,M,JOSEPH,115
1980,M,JONATHAN,109
1980,M,RYAN,107
1980,M,ANDREW,105
1980,M,MARK,105
1980,M,DANIEL,100
1980,M,BRIAN,86
1980,M,KEVIN,85
1980,M,JEFFREY,82
1980,M,SCOTT,82
1980,M,NICHOLAS,76
1981,F,JENNIFER,275
1981,F,AMANDA,233
1981,F,MELISSA,175
1981,F,SARAH,133
1981,F,AMY,116
1981,F,ANGELA,107
1981,F,ERIN,86
1981,F,MICHELLE,85
1981,F,LISA,79
1981,F,CRYSTAL,74
1981,F,STEPHANIE,68
1981,F,LAURA,63
1981,F,NICOLE,63
1981,F,REBECCA,60
1981,F,MARY,58
1981,F,ANDREA,57
1981,F,HEATHER,55
1981,F,ELIZABETH,54
1981,F,MELANIE,54
1981,F,KELLY,53
1981,F,TARA,53
1981,M,MATTHEW,250
1981,M,MICHAEL,219
1981,M,CHRISTOPHER,210
1981,M,RYAN,191
1981,M,ADAM,167
1981,M,JASON,154
1981,M,JAMES,153
1981,M,DAVID,145
1981,M,JOHN,144
1981,M,ROBERT,133
1981,M,JONATHAN,123
1981,M,ANDREW,121
1981,M,DANIEL,104
1981,M,MARK,93
1981,M,NICHOLAS,88
1981,M,STEPHEN,87
1981,M,JOSEPH,82
1981,M,WILLIAM,77
1981,M,JUSTIN,73
1981,M,BRIAN,70
1982,F,JENNIFER,282
1982,F,AMANDA,177
1982,F,SARAH,162
1982,F,MELISSA,150
1982,F,ANGELA,95
1982,F,STEPHANIE,92
1982,F,CRYSTAL,86
1982,F,ERIN,85
1982,F,AMY,81
1982,F,LAURA,77
1982,F,MICHELLE,77
1982,F,NICOLE,73
1982,F,ASHLEY,70
1982,F,HEATHER,66
1982,F,LINDSAY,65
1982,F,JESSICA,64
1982,F,LISA,64
1982,F,MELANIE,56
1982,F,NATASHA,55
1982,F,REBECCA,55
1982,M,MATTHEW,287
1982,M,CHRISTOPHER,272
1982,M,MICHAEL,245
1982,M,RYAN,211
1982,M,DAVID,153
1982,M,JOHN,151
1982,M,ADAM,149
1982,M,JAMES,148
1982,M,JASON,141
1982,M,JONATHAN,126
1982,M,ANDREW,125
1982,M,NICHOLAS,112
1982,M,ROBERT,111
1982,M,DANIEL,94
1982,M,MARK,94
1982,M,JOSEPH,89
1982,M,STEPHEN,87
1982,M,WILLIAM,86
1982,M,JOSHUA,74
1982,M,JUSTIN,73
1983,F,JENNIFER,269
1983,F,AMANDA,166
1983,F,ASHLEY,153
1983,F,SARAH,147
1983,F,MELISSA,137
1983,F,JESSICA,102
1983,F,AMY,96
1983,F,CRYSTAL,83
1983,F,ERIN,83
1983,F,NICOLE,83
1983,F,ANGELA,81
1983,F,MICHELLE,76
1983,F,LAURA,74
1983,F,STEPHANIE,73
1983,F,LINDSAY,65
1983,F,MEGAN,62
1983,F,HOLLY,60
1983,F,TARA,57
1983,F,ELIZABETH,56
1983,F,HEATHER,55
1983,M,MATTHEW,328
1983,M,CHRISTOPHER,241
1983,M,MICHAEL,214
1983,M,RYAN,189
1983,M,ANDREW,164
1983,M,DAVID,162
1983,M,JOHN,154
1983,M,JAMES,141
1983,M,ADAM,136
1983,M,JASON,134
1983,M,ROBERT,131
1983,M,JONATHAN,120
1983,M,MARK,115
1983,M,DANIEL,100
1983,M,JOSEPH,100
1983,M,JEFFREY,96
1983,M,JUSTIN,95
1983,M,NICHOLAS,93
1983,M,STEPHEN,91
1983,M,WILLIAM,86
1984,F,JENNIFER,251
1984,F,ASHLEY,189
1984,F,AMANDA,153
1984,F,MELISSA,138
1984,F,SARAH,122
1984,F,NICOLE,104
1984,F,JESSICA,98
1984,F,LAURA,97
1984,F,AMY,89
1984,F,ERIN,76
1984,F,STEPHANIE,75
1984,F,HOLLY,74
1984,F,CRYSTAL,72
1984,F,LISA,63
1984,F,LINDSAY,61
1984,F,HEATHER,59
1984,F,TARA,57
1984,F,DANIELLE,55
1984,F,ANGELA,53
1984,F,JILLIAN,53
1984,M,MATTHEW,310
1984,M,CHRISTOPHER,224
1984,M,MICHAEL,224
1984,M,RYAN,180
1984,M,ADAM,155
1984,M,ANDREW,146
1984,M,DAVID,145
1984,M,JAMES,137
1984,M,DANIEL,127
1984,M,JOHN,124
1984,M,ROBERT,122
1984,M,JASON,118
1984,M,JUSTIN,112
1984,M,JONATHAN,107
1984,M,JOSHUA,107
1984,M,NICHOLAS,102
1984,M,JOSEPH,97
1984,M,MARK,90
1984,M,JEFFREY,85
1984,M,WILLIAM,84
1985,F,ASHLEY,214
1985,F,JENNIFER,175
1985,F,AMANDA,169
1985,F,SARAH,128
1985,F,LAURA,122
1985,F,NICOLE,121
1985,F,JESSICA,116
1985,F,MELISSA,114
1985,F,MEGAN,107
1985,F,STEPHANIE,89
1985,F,AMY,82
1985,F,MICHELLE,62
1985,F,ERIN,58
1985,F,HOLLY,58
1985,F,JILLIAN,56
1985,F,ANGELA,54
1985,F,COURTNEY,53
1985,F,LISA,53
1985,F,CRYSTAL,52
1985,F,BRITTANY,51
1985,M,MATTHEW,283
1985,M,MICHAEL,230
1985,M,CHRISTOPHER,200
1985,M,RYAN,165
1985,M,ANDREW,158
1985,M,DANIEL,153
1985,M,ADAM,136
1985,M,JOHN,136
1985,M,JASON,131
1985,M,JAMES,130
1985,M,JUSTIN,125
1985,M,ROBERT,123
1985,M,DAVID,122
1985,M,JOSHUA,117
1985,M,JONATHAN,114
1985,M,JOSEPH,113
1985,M,KYLE,105
1985,M,JEFFREY,93
1985,M,NICHOLAS,92
1985,M,STEPHEN,86
1986,F,ASHLEY,190
1986,F,SARAH,183
1986,F,JENNIFER,170
1986,F,AMANDA,128
1986,F,JESSICA,121
1986,F,NICOLE,116
1986,F,MELISSA,105
1986,F,MEGAN,103
1986,F,STEPHANIE,97
1986,F,LAURA,95
1986,F,BRITTANY,70
1986,F,AMY,67
1986,F,MICHELLE,66
1986,F,HEATHER,57
1986,F,SAMANTHA,57
1986,F,ERIN,56
1986,F,KATHERINE,55
1986,F,LISA,53
1986,F,DANIELLE,52
1986,F,NATASHA,52
1986,M,MATTHEW,246
1986,M,CHRISTOPHER,235
1986,M,MICHAEL,226
1986,M,RYAN,172
1986,M,ANDREW,170
1986,M,DANIEL,132
1986,M,JOHN,130
1986,M,DAVID,129
1986,M,KYLE,129
1986,M,JUSTIN,117
1986,M,JAMES,115
1986,M,JONATHAN,109
1986,M,ADAM,105
1986,M,NICHOLAS,105
1986,M,JOSEPH,100
1986,M,ROBERT,100
1986,M,JOSHUA,96
1986,M,JASON,88
1986,M,STEPHEN,78
1986,M,MARK,75
1987,F,ASHLEY,213
1987,F,SARAH,170
1987,F,AMANDA,148
1987,F,JENNIFER,141
1987,F,NICOLE,140
1987,F,JESSICA,135
1987,F,LAURA,104
1987,F,MEGAN,100
1987,F,MELISSA,93
1987,F,STEPHANIE,78
1987,F,AMY,75
1987,F,SAMANTHA,67
1987,F,DANIELLE,63
1987,F,BRITTANY,59
1987,F,COURTNEY,58
1987,F,EMILY,56
1987,F,HOLLY,56
1987,F,MICHELLE,55
1987,F,KAYLA,53
1987,F,ALICIA,48
1987,F,LINDSAY,48
1987,M,MATTHEW,246
1987,M,MICHAEL,208
1987,M,CHRISTOPHER,177
1987,M,ANDREW,162
1987,M,KYLE,145
1987,M,RYAN,143
1987,M,JUSTIN,139
1987,M,JAMES,122
1987,M,ADAM,121
1987,M,DAVID,116
1987,M,DANIEL,106
1987,M,JOSHUA,103
1987,M,JONATHAN,97
1987,M,JOSEPH,96
1987,M,NICHOLAS,96
1987,M,JOHN,94
1987,M,TYLER,78
1987,M,ROBERT,77
1987,M,ALEXANDER,71
1987,M,MARK,71
1988,F,AMANDA,189
1988,F,ASHLEY,162
1988,F,SARAH,162
1988,F,JESSICA,150
1988,F,NICOLE,109
1988,F,LAURA,98
1988,F,MELISSA,93
1988,F,STEPHANIE,91
1988,F,JENNIFER,86
1988,F,SAMANTHA,83
1988,F,BRITTANY,81
1988,F,MEGAN,78
1988,F,DANIELLE,75
1988,F,TIFFANY,63
1988,F,EMILY,60
1988,F,COURTNEY,58
1988,F,KAYLA,54
1988,F,REBECCA,54
1988,F,KATELYN,50
1988,F,ERIN,47
1988,M,MATTHEW,244
1988,M,MICHAEL,182
1988,M,RYAN,169
1988,M,JUSTIN,168
1988,M,CHRISTOPHER,164
1988,M,KYLE,154
1988,M,ANDREW,153
1988,M,DANIEL,121
1988,M,JAMES,111
1988,M,NICHOLAS,110
1988,M,JOSHUA,109
1988,M,DAVID,97
1988,M,JONATHAN,96
1988,M,ADAM,92
1988,M,JOHN,92
1988,M,ROBERT,89
1988,M,JEREMY,78
1988,M,BRANDON,76
1988,M,JOSEPH,76
1988,M,ALEXANDER,70
1989,F,JESSICA,166
1989,F,ASHLEY,163
1989,F,SAMANTHA,155
1989,F,AMANDA,130
1989,F,SARAH,119
1989,F,BRITTANY,117
1989,F,NICOLE,93
1989,F,JENNIFER,92
1989,F,KAYLA,88
1989,F,MELISSA,86
1989,F,EMILY,81
1989,F,COURTNEY,80
1989,F,MEGAN,80
1989,F,LAURA,68
1989,F,STEPHANIE,68
1989,F,DANIELLE,62
1989,F,KATELYN,58
1989,F,AMY,54
1989,F,JILLIAN,54
1989,F,TIFFANY,52
1989,M,MATTHEW,213
1989,M,MICHAEL,190
1989,M,CHRISTOPHER,177
1989,M,KYLE,150
1989,M,ANDREW,146
1989,M,RYAN,141
1989,M,JUSTIN,135
1989,M,NICHOLAS,131
1989,M,DANIEL,125
1989,M,DAVID,118
1989,M,JOHN,112
1989,M,JAMES,111
1989,M,JOSHUA,102
1989,M,ROBERT,87
1989,M,ADAM,86
1989,M,ALEXANDER,85
1989,M,JONATHAN,83
1989,M,TYLER,82
1989,M,BRANDON,76
1989,M,STEPHEN,69
1990,F,JESSICA,210
1990,F,SAMANTHA,164
1990,F,ASHLEY,130
1990,F,BRITTANY,119
1990,F,SARAH,118
1990,F,AMANDA,105
1990,F,JENNIFER,96
1990,F,NICOLE,91
1990,F,MEGAN,84
1990,F,KAYLA,80
1990,F,EMILY,76
1990,F,LAURA,75
1990,F,STEPHANIE,74
1990,F,MELISSA,71
1990,F,COURTNEY,70
1990,F,KATHERINE,68
1990,F,KATELYN,64
1990,F,REBECCA,60
1990,F,DANIELLE,59
1990,F,ERIN,54
1990,F,MICHELLE,54
1990,M,MATTHEW,242
1990,M,KYLE,182
1990,M,MICHAEL,165
1990,M,CHRISTOPHER,153
1990,M,JUSTIN,146
1990,M,RYAN,143
1990,M,ANDREW,130
1990,M,JOSHUA,124
1990,M,JORDAN,122
1990,M,JAMES,119
1990,M,JOHN,96
1990,M,DAVID,94
1990,M,ROBERT,94
1990,M,NICHOLAS,90
1990,M,DANIEL,88
1990,M,BRANDON,87
1990,M,ALEXANDER,85
1990,M,ADAM,81
1990,M,JONATHAN,81
1990,M,TYLER,80
1991,F,JESSICA,204
1991,F,ASHLEY,123
1991,F,BRITTANY,114
1991,F,SAMANTHA,109
1991,F,SARAH,107
1991,F,KAYLA,104
1991,F,EMILY,96
1991,F,STEPHANIE,86
1991,F,MEGAN,84
1991,F,AMANDA,81
1991,F,JENNA,76
1991,F,NICOLE,71
1991,F,JENNIFER,70
1991,F,LAURA,70
1991,F,MELISSA,69
1991,F,REBECCA,68
1991,F,COURTNEY,67
1991,F,CHELSEA,53
1991,F,DANIELLE,52
1991,F,MICHELLE,51
1991,M,MATTHEW,185
1991,M,KYLE,152
1991,M,MICHAEL,145
1991,M,CHRISTOPHER,143
1991,M,RYAN,142
1991,M,JOSHUA,131
1991,M,JUSTIN,126
1991,M,JORDAN,123
1991,M,ANDREW,119
1991,M,DANIEL,108
1991,M,NICHOLAS,104
1991,M,ALEXANDER,98
1991,M,TYLER,96
1991,M,BRANDON,95
1991,M,ROBERT,95
1991,M,JAMES,93
1991,M,DAVID,90
1991,M,CODY,83
1991,M,JOHN,79
1991,M,JOSEPH,73
1992,F,JESSICA,182
1992,F,BRITTANY,121
1992,F,SAMANTHA,117
1992,F,SARAH,117
1992,F,ASHLEY,116
1992,F,EMILY,109
1992,F,REBECCA,93
1992,F,AMANDA,80
1992,F,JENNA,78
1992,F,MEGAN,75
1992,F,NICOLE,74
1992,F,CHELSEA,73
1992,F,KAYLA,71
1992,F,KELSEY,69
1992,F,DANIELLE,62
1992,F,STEPHANIE,61
1992,F,LAURA,60
1992,F,JENNIFER,57
1992,F,COURTNEY,55
1992,F,KAITLYN,55
1992,M,MATTHEW,210
1992,M,RYAN,169
1992,M,MICHAEL,144
1992,M,BRANDON,135
1992,M,KYLE,127
1992,M,CHRISTOPHER,126
1992,M,JUSTIN,116
1992,M,TYLER,115
1992,M,ALEXANDER,111
1992,M,JOSHUA,105
1992,M,ANDREW,104
1992,M,NICHOLAS,102
1992,M,JORDAN,100
1992,M,JAMES,95
1992,M,CODY,80
1992,M,DANIEL,80
1992,M,JOHN,77
1992,M,DAVID,71
1992,M,JOSEPH,71
1992,M,DYLAN,70
1993,F,JESSICA,169
1993,F,EMILY,122
1993,F,SARAH,117
1993,F,BRITTANY,102
1993,F,SAMANTHA,97
1993,F,ASHLEY,96
1993,F,REBECCA,90
1993,F,KELSEY,86
1993,F,TAYLOR,71
1993,F,AMANDA,63
1993,F,KAYLA,63
1993,F,MEGAN,61
1993,F,DANIELLE,60
1993,F,JENNA,59
1993,F,NICOLE,59
1993,F,CHELSEA,58
1993,F,KATELYN,58
1993,F,COURTNEY,50
1993,F,STEPHANIE,50
1993,F,JENNIFER,49
1993,M,BRANDON,207
1993,M,RYAN,171
1993,M,MATTHEW,162
1993,M,MICHAEL,124
1993,M,CHRISTOPHER,118
1993,M,TYLER,116
1993,M,KYLE,114
1993,M,JUSTIN,111
1993,M,NICHOLAS,107
1993,M,ALEXANDER,105
1993,M,JOSHUA,102
1993,M,ANDREW,90
1993,M,JORDAN,89
1993,M,JOHN,86
1993,M,CODY,84
1993,M,JAMES,82
1993,M,JACOB,73
1993,M,DANIEL,72
1993,M,DYLAN,67
1993,M,DAVID,64
1994,F,JESSICA,150
1994,F,EMILY,136
1994,F,ASHLEY,97
1994,F,SARAH,96
1994,F,BRITTANY,85
1994,F,KELSEY,82
1994,F,SAMANTHA,77
1994,F,MEGAN,75
1994,F,NICOLE,68
1994,F,REBECCA,65
1994,F,MORGAN,63
1994,F,COURTNEY,60
1994,F,AMANDA,58
1994,F,TAYLOR,58
1994,F,JENNA,54
1994,F,KAYLA,54
1994,F,CHELSEA,51
1994,F,JENNIFER,49
1994,F,DANIELLE,47
1994,F,LAURA,47
1994,M,BRANDON,190
1994,M,MATTHEW,168
1994,M,KYLE,118
1994,M,RYAN,118
1994,M,ALEXANDER,109
1994,M,JUSTIN,105
1994,M,TYLER,100
1994,M,MICHAEL,99
1994,M,CHRISTOPHER,93
1994,M,CODY,93
1994,M,NICHOLAS,93
1994,M,JORDAN,88
1994,M,JOSHUA,88
1994,M,JAMES,79
1994,M,DANIEL,76
1994,M,ANDREW,75
1994,M,DYLAN,75
1994,M,JOHN,71
1994,M,ROBERT,70
1994,M,JACOB,68
1995,F,SARAH,122
1995,F,EMILY,114
1995,F,JESSICA,110
1995,F,ASHLEY,84
1995,F,BRITTANY,77
1995,F,MEGAN,76
1995,F,TAYLOR,76
1995,F,SAMANTHA,72
1995,F,REBECCA,63
1995,F,JENNA,62
1995,F,COURTNEY,61
1995,F,MORGAN,59
1995,F,NICOLE,59
1995,F,HANNAH,57
1995,F,KELSEY,53
1995,F,EMMA,51
1995,F,LAURA,48
1995,F,AMANDA,45
1995,F,KAYLA,45
1995,F,DANIELLE,44
1995,M,BRANDON,194
1995,M,TYLER,123
1995,M,MATTHEW,122
1995,M,RYAN,110
1995,M,NICHOLAS,109
1995,M,ALEXANDER,95
1995,M,KYLE,91
1995,M,MICHAEL,89
1995,M,JOSHUA,87
1995,M,JUSTIN,85
1995,M,JACOB,77
1995,M,CODY,75
1995,M,DYLAN,74
1995,M,JOHN,72
1995,M,ANDREW,71
1995,M,JORDAN,71
1995,M,JAMES,69
1995,M,CHRISTOPHER,67
1995,M,DANIEL,67
1995,M,MITCHELL,65
1996,F,EMILY,121
1996,F,JESSICA,112
1996,F,SARAH,93
1996,F,SAMANTHA,82
1996,F,REBECCA,77
1996,F,HANNAH,72
1996,F,TAYLOR,68
1996,F,COURTNEY,65
1996,F,KELSEY,63
1996,F,BRITTANY,61
1996,F,LAUREN,59
1996,F,EMMA,58
1996,F,MORGAN,56
1996,F,ASHLEY,52
1996,F,MEGAN,48
1996,F,NICOLE,48
1996,F,KAYLA,45
1996,F,JENNA,44
1996,F,MADISON,44
1996,F,BRIANNA,41
1996,M,BRANDON,160
1996,M,MATTHEW,137
1996,M,NICHOLAS,122
1996,M,RYAN,108
1996,M,ALEXANDER,96
1996,M,MICHAEL,94
1996,M,TYLER,90
1996,M,JACOB,83
1996,M,JOSHUA,83
1996,M,JORDAN,80
1996,M,KYLE,80
1996,M,DYLAN,79
1996,M,JUSTIN,77
1996,M,DANIEL,76
1996,M,ANDREW,74
1996,M,CHRISTOPHER,72
1996,M,JOHN,71
1996,M,CONNOR,70
1996,M,WILLIAM,68
1996,M,LIAM,66
1997,F,EMILY,94
1997,F,JESSICA,89
1997,F,SARAH,79
1997,F,HANNAH,77
1997,F,EMMA,71
1997,F,MEGAN,69
1997,F,TAYLOR,67
1997,F,SAMANTHA,57
1997,F,REBECCA,55
1997,F,MORGAN,46
1997,F,KELSEY,45
1997,F,COURTNEY,44
1997,F,VICTORIA,43
1997,F,JENNA,41
1997,F,JULIA,41
1997,F,BRITTANY,39
1997,F,HALEY,39
1997,F,KAYLA,37
1997,F,LAUREN,37
1997,F,OLIVIA,36
1997,M,BRANDON,135
1997,M,MATTHEW,115
1997,M,NICHOLAS,105
1997,M,RYAN,105
1997,M,DYLAN,93
1997,M,JACOB,90
1997,M,KYLE,88
1997,M,JOSHUA,85
1997,M,TYLER,84
1997,M,LOGAN,81
1997,M,MICHAEL,76
1997,M,JORDAN,69
1997,M,JUSTIN,69
1997,M,LIAM,69
1997,M,ALEXANDER,68
1997,M,ANDREW,68
1997,M,JAMES,65
1997,M,AUSTIN,61
1997,M,CHRISTOPHER,61
1997,M,DANIEL,60
1998,F,EMILY,105
1998,F,SARAH,98
1998,F,EMMA,93
1998,F,HANNAH,75
1998,F,JESSICA,73
1998,F,TAYLOR,69
1998,F,REBECCA,56
1998,F,SAMANTHA,54
1998,F,MADISON,52
1998,F,MEGAN,48
1998,F,COURTNEY,47
1998,F,MORGAN,45
1998,F,VICTORIA,44
1998,F,KAYLA,42
1998,F,BRIANNA,40
1998,F,KELSEY,39
1998,F,LAURA,39
1998,F,HALEY,37
1998,F,OLIVIA,37
1998,F,MACKENZIE,35
1998,M,MATTHEW,122
1998,M,RYAN,105
1998,M,JACOB,93
1998,M,NICHOLAS,87
1998,M,TYLER,87
1998,M,ALEXANDER,86
1998,M,BRANDON,84
1998,M,DYLAN,78
1998,M,JOSHUA,77
1998,M,CAMERON,72
1998,M,MICHAEL,71
1998,M,JORDAN,68
1998,M,KYLE,65
1998,M,ANDREW,60
1998,M,AUSTIN,60
1998,M,BENJAMIN,60
1998,M,NOAH,60
1998,M,WILLIAM,59
1998,M,JOHN,55
1998,M,LOGAN,52
1999,F,EMILY,122
1999,F,EMMA,122
1999,F,HANNAH,89
1999,F,TAYLOR,85
1999,F,MADISON,69
1999,F,SARAH,65
1999,F,JESSICA,64
1999,F,OLIVIA,59
1999,F,MEGAN,51
1999,F,REBECCA,51
1999,F,SAMANTHA,47
1999,F,MORGAN,44
1999,F,JULIA,43
1999,F,LAUREN,43
1999,F,MACKENZIE,43
1999,F,ALYSSA,38
1999,F,HALEY,38
1999,F,JENNA,37
1999,F,BRIANNA,36
1999,F,VICTORIA,35
1999,M,MATTHEW,114
1999,M,NICHOLAS,113
1999,M,RYAN,98
1999,M,JACOB,94
1999,M,JOSHUA,84
1999,M,CAMERON,80
1999,M,TYLER,77
1999,M,LOGAN,69
1999,M,KYLE,66
1999,M,BRANDON,65
1999,M,WILLIAM,65
1999,M,NOAH,63
1999,M,LIAM,61
1999,M,ALEXANDER,60
1999,M,AUSTIN,59
1999,M,JUSTIN,59
1999,M,MICHAEL,59
1999,M,CHRISTOPHER,57
1999,M,BENJAMIN,56
1999,M,DAWSON,54
2000,F,EMILY,116
2000,F,HANNAH,102
2000,F,EMMA,89
2000,F,MADISON,80
2000,F,SARAH,76
2000,F,JESSICA,67
2000,F,TAYLOR,56
2000,F,SAMANTHA,54
2000,F,MACKENZIE,53
2000,F,LAUREN,49
2000,F,OLIVIA,47
2000,F,JENNA,45
2000,F,REBECCA,45
2000,F,MEGAN,43
2000,F,HAILEY,38
2000,F,HALEY,38
2000,F,MORGAN,38
2000,F,JULIA,35
2000,F,ALYSSA,33
2000,F,BRIANNA,33
2000,M,JACOB,96
2000,M,NICHOLAS,92
2000,M,JOSHUA,87
2000,M,MATTHEW,85
2000,M,RYAN,85
2000,M,CAMERON,76
2000,M,BENJAMIN,75
2000,M,DYLAN,73
2000,M,ALEXANDER,71
2000,M,TYLER,64
2000,M,NOAH,63
2000,M,BRANDON,58
2000,M,ETHAN,55
2000,M,LIAM,55
2000,M,MICHAEL,54
2000,M,ZACHARY,54
2000,M,JAMES,53
2000,M,KYLE,53
2000,M,JOHN,52
2000,M,AUSTIN,50
2000,M,CHRISTOPHER,50
2001,F,EMILY,124
2001,F,MADISON,109
2001,F,EMMA,106
2001,F,HANNAH,85
2001,F,OLIVIA,71
2001,F,SARAH,58
2001,F,JESSICA,57
2001,F,ABIGAIL,53
2001,F,JULIA,49
2001,F,TAYLOR,49
2001,F,LAUREN,46
2001,F,MEGAN,45
2001,F,GRACE,44
2001,F,JENNA,41
2001,F,MACKENZIE,39
2001,F,HALEY,38
2001,F,SAMANTHA,36
2001,F,ALYSSA,33
2001,F,BRIANNA,30
2001,F,KAITLYN,29
2001,M,JACOB,95
2001,M,LOGAN,85
2001,M,MATTHEW,81
2001,M,JOSHUA,77
2001,M,ETHAN,73
2001,M,NICHOLAS,73
2001,M,RYAN,73
2001,M,DYLAN,71
2001,M,CAMERON,70
2001,M,LIAM,63
2001,M,BENJAMIN,62
2001,M,NOAH,60
2001,M,ALEXANDER,58
2001,M,BRANDON,58
2001,M,MICHAEL,55
2001,M,JUSTIN,53
2001,M,WILLIAM,52
2001,M,RILEY,51
2001,M,TYLER,51
2001,M,DANIEL,47
2002,F,EMILY,121
2002,F,EMMA,121
2002,F,MADISON,97
2002,F,HANNAH,69
2002,F,OLIVIA,65
2002,F,SARAH,64
2002,F,GRACE,56
2002,F,MACKENZIE,52
2002,F,JESSICA,48
2002,F,ABIGAIL,46
2002,F,CHLOE,41
2002,F,TAYLOR,41
2002,F,JENNA,40
2002,F,LAUREN,37
2002,F,MEGAN,34
2002,F,SAMANTHA,34
2002,F,SOPHIE,30
2002,F,HAILEY,29
2002,F,MORGAN,28
2002,F,ALYSSA,27
2002,F,MAKAYLA,27
2002,F,RACHEL,27
2002,F,REBECCA,27
2002,M,ETHAN,106
2002,M,JACOB,80
2002,M,MATTHEW,80
2002,M,NICHOLAS,72
2002,M,CONNOR,71
2002,M,JOSHUA,69
2002,M,RYAN,68
2002,M,LOGAN,66
2002,M,NOAH,62
2002,M,ALEXANDER,57
2002,M,BENJAMIN,57
2002,M,LIAM,57
2002,M,CAMERON,55
2002,M,DYLAN,53
2002,M,ZACHARY,51
2002,M,SAMUEL,50
2002,M,COLE,49
2002,M,TYLER,49
2002,M,BRANDON,47
2002,M,JAMES,45
2003,F,EMMA,139
2003,F,MADISON,84
2003,F,EMILY,79
2003,F,HANNAH,76
2003,F,SARAH,63
2003,F,OLIVIA,58
2003,F,GRACE,53
2003,F,ABIGAIL,51
2003,F,LAUREN,44
2003,F,PAIGE,44
2003,F,HALEY,39
2003,F,JULIA,39
2003,F,MACKENZIE,39
2003,F,CHLOE,38
2003,F,SAMANTHA,38
2003,F,JESSICA,35
2003,F,TAYLOR,34
2003,F,BROOKE,33
2003,F,ELLA,31
2003,F,JENNA,31
2003,F,REBECCA,31
2003,M,ETHAN,97
2003,M,MATTHEW,83
2003,M,RYAN,73
2003,M,JACOB,70
2003,M,BENJAMIN,68
2003,M,CONNOR,67
2003,M,JOSHUA,64
2003,M,NICHOLAS,63
2003,M,ALEXANDER,62
2003,M,LOGAN,58
2003,M,CAMERON,55
2003,M,LIAM,55
2003,M,DYLAN,51
2003,M,SAMUEL,50
2003,M,JOHN,49
2003,M,BRANDON,46
2003,M,NOAH,46
2003,M,MICHAEL,43
2003,M,WILLIAM,43
2003,M,NATHAN,42
2004,F,EMMA,140
2004,F,MADISON,88
2004,F,EMILY,83
2004,F,ABIGAIL,58
2004,F,HANNAH,58
2004,F,GRACE,57
2004,F,OLIVIA,51
2004,F,SARAH,51
2004,F,LAUREN,49
2004,F,ELLA,45
2004,F,MACKENZIE,39
2004,F,BROOKLYN,36
2004,F,ANNA,35
2004,F,CHLOE,35
2004,F,TAYLOR,34
2004,F,HAILEY,33
2004,F,JULIA,33
2004,F,HALEY,32
2004,F,JENNA,31
2004,F,REBECCA,30
2004,F,SAMANTHA,30
2004,M,ETHAN,96
2004,M,RYAN,67
2004,M,ALEXANDER,66
2004,M,LIAM,66
2004,M,NOAH,63
2004,M,MATTHEW,62
2004,M,LOGAN,60
2004,M,CONNOR,58
2004,M,JOSHUA,58
2004,M,BENJAMIN,57
2004,M,JACOB,56
2004,M,CAMERON,54
2004,M,NICHOLAS,51
2004,M,ZACHARY,50
2004,M,DYLAN,48
2004,M,TYLER,47
2004,M,OWEN,46
2004,M,WILLIAM,46
2004,M,NATHAN,45
2004,M,EVAN,44
2005,F,EMMA,101
2005,F,MADISON,70
2005,F,OLIVIA,65
2005,F,EMILY,64
2005,F,HANNAH,62
2005,F,ABIGAIL,56
2005,F,GRACE,47
2005,F,SARAH,47
2005,F,AVA,44
2005,F,LAUREN,42
2005,F,CHLOE,38
2005,F,ELLA,37
2005,F,JULIA,28
2005,F,BROOKE,27
2005,F,HAILEY,27
2005,F,LILY,27
2005,F,BROOKLYN,26
2005,F,MACKENZIE,26
2005,F,SAMANTHA,26
2005,F,SOPHIE,26
2005,M,JACOB,81
2005,M,ETHAN,69
2005,M,ALEXANDER,64
2005,M,LOGAN,63
2005,M,JACK,62
2005,M,CONNOR,61
2005,M,JOSHUA,61
2005,M,NICHOLAS,59
2005,M,MATTHEW,57
2005,M,NATHAN,57
2005,M,NOAH,57
2005,M,RYAN,55
2005,M,WILLIAM,55
2005,M,OWEN,51
2005,M,BENJAMIN,49
2005,M,LIAM,49
2005,M,DYLAN,47
2005,M,EVAN,46
2005,M,CAMERON,43
2005,M,SAMUEL,42
2006,F,EMMA,72
2006,F,MADISON,67
2006,F,AVA,65
2006,F,OLIVIA,65
2006,F,HANNAH,64
2006,F,EMILY,58
2006,F,ABIGAIL,57
2006,F,SARAH,53
2006,F,ELLA,42
2006,F,CHLOE,39
2006,F,LILY,37
2006,F,GRACE,36
2006,F,BROOKE,32
2006,F,SOPHIA,31
2006,F,FAITH,28
2006,F,SOPHIE,28
2006,F,ELIZABETH,26
2006,F,JULIA,25
2006,F,BROOKLYN,24
2006,F,RACHEL,24
2006,M,RYAN,72
2006,M,ETHAN,67
2006,M,JACOB,67
2006,M,NOAH,65
2006,M,LIAM,60
2006,M,OWEN,60
2006,M,ALEXANDER,58
2006,M,MATTHEW,58
2006,M,JACK,56
2006,M,BENJAMIN,54
2006,M,NATHAN,53
2006,M,EVAN,51
2006,M,WILLIAM,50
2006,M,COLE,49
2006,M,JOSHUA,49
2006,M,LOGAN,48
2006,M,LUCAS,46
2006,M,CAMERON,45
2006,M,CONNOR,44
2006,M,NICHOLAS,43
2007,F,EMMA,85
2007,F,EMILY,77
2007,F,AVA,67
2007,F,OLIVIA,67
2007,F,MADISON,63
2007,F,CHLOE,54
2007,F,HANNAH,52
2007,F,ABIGAIL,51
2007,F,ELLA,46
2007,F,SOPHIA,44
2007,F,GRACE,42
2007,F,SOPHIE,36
2007,F,BROOKE,35
2007,F,SARAH,34
2007,F,BROOKLYN,32
2007,F,HAILEY,31
2007,F,JULIA,30
2007,F,ANNA,28
2007,F,ALYSSA,27
2007,F,JENNA,27
2007,F,LAUREN,27
2007,M,NOAH,82
2007,M,ETHAN,69
2007,M,JACK,66
2007,M,LIAM,66
2007,M,LOGAN,65
2007,M,OWEN,63
2007,M,JACOB,57
2007,M,ALEXANDER,56
2007,M,WILLIAM,55
2007,M,NICHOLAS,51
2007,M,NATHAN,50
2007,M,BENJAMIN,49
2007,M,CAMERON,49
2007,M,MATTHEW,48
2007,M,RYAN,48
2007,M,LUCAS,44
2007,M,CONNOR,43
2007,M,CARTER,40
2007,M,JOSHUA,40
2007,M,JOHN,39
2007,M,SAMUEL,39
2008,F,AVA,67
2008,F,OLIVIA,65
2008,F,EMMA,56
2008,F,SOPHIE,54
2008,F,ABIGAIL,53
2008,F,EMILY,53
2008,F,ELLA,52
2008,F,HANNAH,52
2008,F,MADISON,48
2008,F,SOPHIA,46
2008,F,LILY,45
2008,F,BROOKLYN,42
2008,F,BROOKE,38
2008,F,LAUREN,36
2008,F,SARAH,36
2008,F,CHLOE,35
2008,F,ALEXIS,30
2008,F,PAIGE,30
2008,F,JULIA,28
2008,F,TAYLOR,28
2008,M,JACOB,71
2008,M,LIAM,69
2008,M,LOGAN,66
2008,M,ETHAN,62
2008,M,WILLIAM,59
2008,M,ALEXANDER,58
2008,M,NOAH,58
2008,M,OWEN,57
2008,M,JACK,54
2008,M,RYAN,51
2008,M,MATTHEW,49
2008,M,LUCAS,48
2008,M,AIDEN,45
2008,M,BENJAMIN,42
2008,M,CARTER,42
2008,M,NATHAN,41
2008,M,CAMERON,40
2008,M,CONNOR,39
2008,M,JOSHUA,38
2008,M,JAMES,37
2009,F,EMMA,75
2009,F,OLIVIA,60
2009,F,AVA,54
2009,F,ISABELLA,54
2009,F,ELLA,50
2009,F,SOPHIE,50
2009,F,ABIGAIL,48
2009,F,LILY,47
2009,F,EMILY,46
2009,F,HANNAH,43
2009,F,MADISON,43
2009,F,SOPHIA,39
2009,F,ALEXIS,38
2009,F,BROOKLYN,34
2009,F,CHLOE,34
2009,F,ADDISON,30
2009,F,ANNA,28
2009,F,GRACE,28
2009,F,JULIA,28
2009,F,CHARLOTTE,25
2009,M,ETHAN,91
2009,M,JACOB,78
2009,M,LIAM,64
2009,M,WILLIAM,61
2009,M,LOGAN,59
2009,M,OWEN,58
2009,M,ALEXANDER,55
2009,M,NOAH,55
2009,M,BENJAMIN,49
2009,M,CARTER,45
2009,M,RYAN,45
2009,M,JOSHUA,43
2009,M,JACK,42
2009,M,LUCAS,42
2009,M,SAMUEL,42
2009,M,CONNOR,40
2009,M,LUKE,40
2009,M,BRODY,39
2009,M,JACKSON,39
2009,M,NATHAN,38
2010,F,ELLA,61
2010,F,OLIVIA,61
2010,F,AVA,60
2010,F,EMMA,53
2010,F,LILY,53
2010,F,ABIGAIL,49
2010,F,SOPHIE,48
2010,F,EMILY,47
2010,F,CHLOE,41
2010,F,ALEXIS,40
2010,F,ISABELLA,40
2010,F,MADISON,40
2010,F,BROOKLYN,39
2010,F,SOPHIA,37
2010,F,CHARLOTTE,36
2010,F,ADDISON,31
2010,F,HANNAH,28
2010,F,NEVAEH,28
2010,F,PEYTON,28
2010,F,SARAH,27
2010,M,LIAM,77
2010,M,OWEN,77
2010,M,BENJAMIN,73
2010,M,ETHAN,70
2010,M,JACOB,70
2010,M,LOGAN,58
2010,M,CARTER,52
2010,M,WILLIAM,52
2010,M,JACK,50
2010,M,SAMUEL,46
2010,M,NATHAN,42
2010,M,ALEXANDER,41
2010,M,BRAYDEN,40
2010,M,NOAH,40
2010,M,JOHN,39
2010,M,HAYDEN,37
2010,M,JAMES,37
2010,M,LUCAS,37
2010,M,JOSHUA,36
2010,M,AIDEN,35
2011,F,EMMA,72
2011,F,OLIVIA,68
2011,F,AVA,65
2011,F,ELLA,52
2011,F,SOPHIA,52
2011,F,CHLOE,42
2011,F,MADISON,42
2011,F,SOPHIE,42
2011,F,LILY,39
2011,F,ABIGAIL,38
2011,F,ISABELLA,36
2011,F,EMILY,33
2011,F,ADDISON,30
2011,F,BROOKLYN,30
2011,F,CLAIRE,30
2011,F,ALEXIS,29
2011,F,MYA,28
2011,F,CHARLOTTE,26
2011,F,GRACE,24
2011,F,AMELIA,23
2011,F,HAILEY,23
2011,F,HANNAH,23
2011,M,LIAM,85
2011,M,WILLIAM,66
2011,M,JACOB,64
2011,M,BENJAMIN,63
2011,M,ETHAN,58
2011,M,OWEN,58
2011,M,LOGAN,57
2011,M,MASON,52
2011,M,NOAH,52
2011,M,JACK,51
2011,M,LUCAS,49
2011,M,ALEXANDER,44
2011,M,HUNTER,43
2011,M,SAMUEL,38
2011,M,BRAYDEN,36
2011,M,CARTER,36
2011,M,AIDEN,34
2011,M,LUKE,34
2011,M,NATHAN,34
2011,M,OLIVER,32
2012,F,OLIVIA,62
2012,F,EMMA,58
2012,F,LILY,51
2012,F,SOPHIA,50
2012,F,AVA,48
2012,F,SOPHIE,47
2012,F,EMILY,41
2012,F,ABIGAIL,40
2012,F,CHLOE,36
2012,F,ELLA,35
2012,F,ISABELLA,35
2012,F,CHARLOTTE,31
2012,F,BROOKLYN,29
2012,F,AVERY,27
2012,F,LEAH,27
2012,F,HANNAH,26
2012,F,ALEXIS,25
2012,F,SADIE,25
2012,F,ADDISON,24
2012,F,MADISON,24
2012,M,JACOB,65
2012,M,ETHAN,63
2012,M,BENJAMIN,59
2012,M,LUCAS,55
2012,M,NOAH,55
2012,M,OWEN,55
2012,M,LIAM,54
2012,M,MASON,51
2012,M,CARTER,45
2012,M,HUNTER,45
2012,M,LOGAN,45
2012,M,WILLIAM,45
2012,M,JAMES,43
2012,M,JACK,42
2012,M,ALEXANDER,40
2012,M,JACKSON,39
2012,M,WYATT,36
2012,M,NATHAN,35
2012,M,ISAAC,34
2012,M,SAMUEL,33
2013,F,OLIVIA,74
2013,F,EMMA,56
2013,F,AVA,52
2013,F,EMILY,47
2013,F,LILY,44
2013,F,CHARLOTTE,43
2013,F,SOPHIA,43
2013,F,ELLA,37
2013,F,CHLOE,36
2013,F,SADIE,36
2013,F,AMELIA,34
2013,F,MADISON,30
2013,F,ISLA,29
2013,F,ADDISON,27
2013,F,SOPHIE,26
2013,F,ABIGAIL,25
2013,F,HANNAH,25
2013,F,BROOKLYN,24
2013,F,CLAIRE,24
2013,F,GRACE,24
2013,M,LIAM,70
2013,M,HUNTER,57
2013,M,BENJAMIN,54
2013,M,ETHAN,51
2013,M,NOAH,51
2013,M,JACK,47
2013,M,WILLIAM,46
2013,M,CARTER,44
2013,M,JACOB,44
2013,M,MASON,43
2013,M,OWEN,43
2013,M,ALEXANDER,42
2013,M,JACKSON,41
2013,M,LOGAN,38
2013,M,LUCAS,38
2013,M,OLIVER,38
2013,M,LUKE,37
2013,M,JAXON,36
2013,M,NATHAN,36
2013,M,SAMUEL,33
2014,F,EMMA,64
2014,F,OLIVIA,48
2014,F,AVA,45
2014,F,SADIE,44
2014,F,SOPHIA,42
2014,F,ABIGAIL,41
2014,F,ELLA,40
2014,F,LILY,40
2014,F,BROOKLYN,38
2014,F,CHLOE,37
2014,F,CHARLOTTE,33
2014,F,EMILY,32
2014,F,PEYTON,29
2014,F,AMELIA,28
2014,F,CLAIRE,28
2014,F,ISABELLA,28
2014,F,ALEXIS,27
2014,F,AVERY,27
2014,F,HANNAH,26
2014,F,NORA,26
2014,F,SARAH,26
2014,M,LIAM,60
2014,M,BENJAMIN,58
2014,M,OWEN,56
2014,M,WILLIAM,55
2014,M,LUCAS,53
2014,M,CARTER,51
2014,M,ETHAN,50
2014,M,HUNTER,48
2014,M,JACOB,44
2014,M,JACK,42
2014,M,JACKSON,40
2014,M,OLIVER,40
2014,M,ALEXANDER,36
2014,M,MASON,36
2014,M,NOAH,35
2014,M,JAMES,34
2014,M,SAMUEL,31
2014,M,GAVIN,30
2014,M,LUKE,29
2014,M,GABRIEL,27
2014,M,JAXON,27
2014,M,JOHN,27
2015,F,AVA,58
2015,F,OLIVIA,54
2015,F,EMMA,48
2015,F,CHARLOTTE,41
2015,F,SADIE,41
2015,F,ABIGAIL,35
2015,F,EMILY,33
2015,F,SCARLETT,32
2015,F,SOPHIA,32
2015,F,AMELIA,30
2015,F,AUDREY,28
2015,F,MADISON,28
2015,F,CHLOE,27
2015,F,NORA,26
2015,F,SOPHIE,26
2015,F,ALEXIS,25
2015,F,ELLIE,25
2015,F,ADDISON,24
2015,F,BROOKLYN,24
2015,F,ELLA,24
2015,F,GRACE,24
2015,F,LILY,24
2015,F,PEYTON,24
2015,M,OWEN,59
2015,M,WILLIAM,57
2015,M,LIAM,51
2015,M,BENJAMIN,47
2015,M,JACK,45
2015,M,OLIVER,43
2015,M,JACOB,41
2015,M,LOGAN,40
2015,M,MASON,40
2015,M,HUNTER,39
2015,M,NOAH,39
2015,M,WYATT,36
2015,M,CARTER,35
2015,M,ETHAN,35
2015,M,EMMETT,33
2015,M,JACKSON,32
2015,M,HENRY,30
2015,M,PARKER,30
2015,M,LUCAS,29
2015,M,ALEXANDER,28
2016,F,OLIVIA,54
2016,F,EMMA,41
2016,F,ABIGAIL,40
2016,F,AVA,38
2016,F,CHARLOTTE,36
2016,F,VIOLET,35
2016,F,AMELIA,33
2016,F,SOPHIA,31
2016,F,CLAIRE,30
2016,F,SOPHIE,30
2016,F,ISLA,29
2016,F,EVELYN,28
2016,F,ELLIE,27
2016,F,LILY,27
2016,F,EMILY,26
2016,F,MADISON,26
2016,F,SCARLETT,26
2016,F,ISABELLA,25
2016,F,CHLOE,24
2016,F,BROOKLYN,22
2016,F,ELLA,22
2016,F,IVY,22
2016,M,WILLIAM,64
2016,M,BENJAMIN,49
2016,M,OLIVER,49
2016,M,NOAH,44
2016,M,LIAM,42
2016,M,HUNTER,39
2016,M,ETHAN,38
2016,M,OWEN,38
2016,M,JACOB,37
2016,M,LOGAN,37
2016,M,MASON,36
2016,M,LUCAS,35
2016,M,EMMETT,33
2016,M,HENRY,33
2016,M,JOHN,32
2016,M,WYATT,32
2016,M,JACK,31
2016,M,CARTER,30
2016,M,JACKSON,30
2016,M,JAMES,29
2017,F,OLIVIA,53
2017,F,CHARLOTTE,50
2017,F,AVA,38
2017,F,SCARLETT,38
2017,F,SOPHIA,38
2017,F,ABIGAIL,35
2017,F,EMMA,35
2017,F,EVELYN,34
2017,F,AMELIA,32
2017,F,ELLA,31
2017,F,HANNAH,30
2017,F,LILY,30
2017,F,CLAIRE,29
2017,F,AVERY,27
2017,F,CHLOE,27
2017,F,ZOEY,27
2017,F,EMILY,25
2017,F,ISABELLA,25
2017,F,SADIE,25
2017,F,ELLIE,24
2017,M,WILLIAM,62
2017,M,BENJAMIN,52
2017,M,OLIVER,46
2017,M,LIAM,45
2017,M,LINCOLN,45
2017,M,JACK,44
2017,M,NOAH,44
2017,M,LOGAN,42
2017,M,LUCAS,42
2017,M,JAMES,38
2017,M,OWEN,38
2017,M,ETHAN,37
2017,M,HUNTER,37
2017,M,ALEXANDER,35
2017,M,CARTER,33
2017,M,GRAYSON,33
2017,M,JACKSON,32
2017,M,EMMETT,32
2017,M,JAXON,31
2017,M,MASON,31
2018,F,OLIVIA,44
2018,F,SOPHIA,42
2018,F,CHARLOTTE,39
2018,F,EMMA,39
2018,F,AMELIA,35
2018,F,AVA,33
2018,F,ISLA,32
2018,F,ABIGAIL,31
2018,F,EVELYN,29
2018,F,MIA,28
2018,F,SADIE,28
2018,F,SCARLETT,28
2018,F,SOPHIE,28
2018,F,ANNA,26
2018,F,ELLA,25
2018,F,ELLIE,24
2018,F,EMILY,23
2018,F,HANNAH,23
2018,F,LILY,23
2018,F,ADDISON,22
2018,F,LUCY,22
2018,M,WILLIAM,62
2018,M,BENJAMIN,49
2018,M,HUNTER,42
2018,M,LINCOLN,40
2018,M,OLIVER,39
2018,M,JACK,38
2018,M,NOAH,38
2018,M,OWEN,36
2018,M,LIAM,35
2018,M,LOGAN,35
2018,M,ETHAN,34
2018,M,MASON,34
2018,M,LUCAS,33
2018,M,EMMETT,31
2018,M,JAMES,30
2018,M,ALEXANDER,29
2018,M,HENRY,29
2018,M,JOHN,29
2018,M,THOMAS,29
2018,M,WYATT,26
2019,F,CHARLOTTE,56
2019,F,OLIVIA,46
2019,F,AMELIA,43
2019,F,EMMA,40
2019,F,ABIGAIL,33
2019,F,ISLA,32
2019,F,VIOLET,32
2019,F,ELLA,31
2019,F,AVA,30
2019,F,SADIE,30
2019,F,ISABELLA,28
2019,F,SOPHIE,28
2019,F,LILY,27
2019,F,SCARLETT,27
2019,F,SOPHIA,27
2019,F,IVY,25
2019,F,CHLOE,23
2019,F,CLAIRE,23
2019,F,LUCY,23
2019,F,NORA,22
2019,M,JACK,52
2019,M,OWEN,51
2019,M,NOAH,48
2019,M,BENJAMIN,47
2019,M,LIAM,47
2019,M,OLIVER,45
2019,M,WILLIAM,39
2019,M,ETHAN,36
2019,M,LEVI,36
2019,M,HENRY,35
2019,M,WYATT,35
2019,M,EMMETT,34
2019,M,HUDSON,33
2019,M,LUCAS,33
2019,M,JACKSON,32
2019,M,LINCOLN,32
2019,M,GRAYSON,29
2019,M,JAMES,29
2019,M,THEODORE,28
2019,M,SAMUEL,27
